codigo,nombre,categoria,proveedor,precio_unidad,precio_10,precio_50,precio_100,precio_bulto,cantidad_bulto,observaciones,fuente_fila,activo
H1-0003,Bandejas cartón rectangular Nº 1,BANDEJAS DE CARTON,,,600,2000,3200,48600,x 18 paq x 100 unid,,3,TRUE
H1-0004,Bandejas cartón rectangular Nº 2 (20x17 cm aprox),BANDEJAS DE CARTON,,,800,2500,3700,49500,x 15 paq. X 100 unid,,4,TRUE
H1-0005,Bandejas cartón rectangular Nº 3 (17x22 cm aprox),BANDEJAS DE CARTON,,,1000,3000,4700,48000,x 12 paq. X 100 unid,,5,TRUE
H1-0006,Bandejas cartón rectangular Nº 4 (21x26 cm aprox),BANDEJAS DE CARTON,,,1000,3200,5200,41400,x 9 paq. X 100 unid,,6,TRUE
H1-0007,Bandejas cartón rectangular Nº 5 (20x27 cm aprox),BANDEJAS DE CARTON,,,1000,3600,6300,50400,x 9 paq. X 100 unid,,7,TRUE
H1-0008,Bandejas cartón rectangular Nº 6 (25x31 cm aprox),BANDEJAS DE CARTON,,,1500,5500,9500,50400,x 6 paq. X 100 unid,,8,TRUE
H1-0009,Bandejas cartón rectangular Nº 6 ECO,BANDEJAS DE CARTON,,,1000,4000,7000,,x 6 paq de 100 unid,,9,TRUE
H1-0010,Bandejas cartón rectangular Nº 7 (25x37 cm aprox),BANDEJAS DE CARTON,,,1500,6000,11000,55800,x 6 paq. X 100 unid,,10,TRUE
H1-0011,Bandejas cartón rectangular Nº 8 ( x cm aprox),BANDEJAS DE CARTON,,,2000,8000,14500,50000,x 4 paq. X 100 unid,,11,TRUE
H1-0013,Bandejas cartón redondas Nº 12 (diametro 18/20 cm aprox),BANDEJAS DE CARTON,,,1000,3000,4500,48000,x 12 paq. X 100 unid,,13,TRUE
H1-0014,Bandejas cartón redondas Nº 12 1/2 (diametro 22 cm aprox),BANDEJAS DE CARTON,,,1000,3500,5600,60000,x 12 paq. X 100 unid,,14,TRUE
H1-0015,Bandejas cartón redondas Nº 13 (diametro 24 cm aprox),BANDEJAS DE CARTON,,,1200,4000,6300,50400,x 9 paq. X 100 unid,,15,TRUE
H1-0016,"Bandejas cartón redondas Nº 13 1/2 (diametro 26,5 cm aprox)",BANDEJAS DE CARTON,,,1300,4200,7100,56700,x 9 paq. X 100 unid,,16,TRUE
H1-0017,Bandejas cartón redondas Nº 14 (diametro 28 cm aprox),BANDEJAS DE CARTON,,,1500,5500,9300,73800,x 9 paq. X 100 unid,,17,TRUE
H1-0018,"Bandejas cartón redondas Nº 15 (diametro 31,5 cm aprox)",BANDEJAS DE CARTON,,,1500,6500,11500,63000,x 6 paq. X 100 unid,,18,TRUE
H1-0019,Bandejas cartón redondas Nº 16 (diametro 36 cm aprox),BANDEJAS DE CARTON,,,2000,8000,14500,52000,x 4 paq. X 100 unid,,19,TRUE
H1-0021,Conos Fritas ( Van),BANDEJAS DE CARTON,,,,,3400,15000,500 unid,,21,TRUE
H1-0022,Porta Pancho (Van) (largo 25 cm),BANDEJAS DE CARTON,,,,,3100,13500,500 unid,,22,TRUE
H1-0023,Porta Pancho promo (corto 16 cm),BANDEJAS DE CARTON,,,,,1200,10500,1000 unid,,23,TRUE
H1-0024,Porta Pancho Cartulina blanco (largo 22 cm),BANDEJAS DE CARTON,,,,,2300,20000,1000 unid,,24,TRUE
H1-0026,Palito Helado Natural (paq x 50 unid),BANDEJAS DE CARTON,,1000,8500,,,150000,caja x 200 paq de 50,,26,TRUE
H1-0027,Palito Helado Color (paq x 50 unid),BANDEJAS DE CARTON,,1200,10000,,,180000,caja x 200 paq de 50,,27,TRUE
H1-0030,Bandeja 101 (80x108),BANDEJAS DE CARTON,,,,3000,4600,64000,1600 unid,,30,TRUE
H1-0031,Tapa 101,BANDEJAS DE CARTON,,,,2500,4100,57600,1600 unid,,31,TRUE
H1-0033,Bandeja 102 (110x150),BANDEJAS DE CARTON,,,,5000,8100,86400,1200 unid,,33,TRUE
H1-0034,Tapa 102,BANDEJAS DE CARTON,,,,4000,6900,36600,600 unid,,34,TRUE
H1-0036,Bandeja 103 (138x179),BANDEJAS DE CARTON,,,,6500,11000,97000,1000 unid,,36,TRUE
H1-0037,Tapa 103,BANDEJAS DE CARTON,,,,5500,9500,42000,500 unid,,37,TRUE
H1-0039,Bandeja 105 ovalada (170x232),BANDEJAS DE CARTON,,,,9000,16000,84000,600 unid,,39,TRUE
H1-0040,Tapa 105 ovalada,BANDEJAS DE CARTON,,,,7000,12000,31500,300 unid,,40,TRUE
H1-0042,Bandeja 105 rectangular Promo al precio de la ovalada con tapa,BANDEJAS DE CARTON,,500,3500,15000,28000,,,,42,TRUE
H1-0043,Tapa 105 rectangualr,BANDEJAS DE CARTON,,,,,,,,,43,TRUE
H1-0045,Bandeja 107 (191x271),BANDEJAS DE CARTON,,,,12500,23000,82000,400 unid,,45,TRUE
H1-0046,Tapa 107,BANDEJAS DE CARTON,,,,10500,19100,34000,x 200 unid,,46,TRUE
H1-0048,Bandejas plástico micro Liviana Nº 102 x 100 unid. Cotnyl,BANDEJAS DE PLÁSTICO COTNYL MICROONDAS LIVIANA (PE),,300,1500,5000,9000,120000,1500 unid,,48,TRUE
H1-0049,Bandejas plástico micro Liviana Nº 103 x 100 unid. Cotnyl,BANDEJAS DE PLÁSTICO COTNYL MICROONDAS LIVIANA (PE),,400,2000,7000,13000,138000,1200 unid,,49,TRUE
H1-0050,Bandejas plástico micro Liviana Nº 105 x 100 unid.ovalada Cotnyl,BANDEJAS DE PLÁSTICO COTNYL MICROONDAS LIVIANA (PE),,400,2500,10000,18600,99000,600 unid,,50,TRUE
H1-0051,Bandejas plástico micro Liviana Nº 107 x 100 unid. Cotnyl,BANDEJAS DE PLÁSTICO COTNYL MICROONDAS LIVIANA (PE),,500,3500,14000,26100,94000,400 unid,,51,TRUE
H1-0053,Bandejas plástico micro Nº 101 x 100 unid. Cotnyl,BANDEJAS DE PLÁSTICO COTNYL MICROONDAS PESADA (PP),,,,5000,8000,112000,1600 unid,,53,TRUE
H1-0054,Bandejas plástico micro Nº 102 x 100 unid. Cotnyl,BANDEJAS DE PLÁSTICO COTNYL MICROONDAS PESADA (PP),,,,6500,11500,120000,1200 unid,,54,TRUE
H1-0055,Bandejas plástico micro Nº 103 x 100 unid. Cotnyl,BANDEJAS DE PLÁSTICO COTNYL MICROONDAS PESADA (PP),,,,10500,19500,170000,1000 unid,,55,TRUE
H1-0056,Bandejas plástico micro Nº 105 x 100 unid.ovalada Cotnyl,BANDEJAS DE PLÁSTICO COTNYL MICROONDAS PESADA (PP),,,,16500,31000,163200,600 unid,,56,TRUE
H1-0057,Bandejas plástico micro Nº 105 x 100 unid. Rectangular Cotnyl,BANDEJAS DE PLÁSTICO COTNYL MICROONDAS PESADA (PP),,,,17500,32500,171000,600 unid,,57,TRUE
H1-0058,Bandejas plástico micro Nº 107 x 100 unid. Cotnyl,BANDEJAS DE PLÁSTICO COTNYL MICROONDAS PESADA (PP),,,,,,,,,58,TRUE
H1-0061,Tapas micro 101 x 100 unid. Cotnyl,TAPA COTNYL Compatible MICRO PESADA Y LIVIANA,,,,3500,6000,84800,1600 unid,,61,TRUE
H1-0062,Tapas micro 102 x 100 unid. ( viene por 50 unid.) Cotnyl,TAPA COTNYL Compatible MICRO PESADA Y LIVIANA,,,,6000,10500,55200,600 unid,,62,TRUE
H1-0063,Tapas micro 103 x 100 unid. ( viene por 50 unid.) Cotnyl,TAPA COTNYL Compatible MICRO PESADA Y LIVIANA,,,,8000,14700,65000,500 unid,,63,TRUE
H1-0064,Tapas micro 105 oval. x 100 unid. ( viene por 50 unid.) Cot,TAPA COTNYL Compatible MICRO PESADA Y LIVIANA,,,,12500,23500,63000,300 unid,,64,TRUE
H1-0067,Bandeja 105 micro liviana Eco,BANDEJAS DE PLÁSTICO MICROONDAS LIVIANA ( eco),,,,,12000,63000,600 unid,,67,TRUE
H1-0070,"Estuche 2508 (22,5x15,5x8) Frio (ideal para alfajorecitos)",BANDEJAS DE PLÁSTICO Zaplast,,1200,10000,40000,78000,131000,caja x 200 unid,,70,TRUE
H1-0072,Estuche TBE 103,ESTUCHES BISAGRA TBE FRIO(cotnyl),,600,4500,20000,35500,63000,Bulto x 200,,72,TRUE
H1-0073,Estuche TBE 105 OV,ESTUCHES BISAGRA TBE FRIO(cotnyl),,800,6500,29000,54500,97000,Bulto x 200,,73,TRUE
H1-0076,Estuche 142 (102) (PPE102),ESTUCHES BISAGRA PPE Micro (cotnyl),,600,4500,19000,36000,132000,Bulto x 400,,76,TRUE
H1-0077,Estuche 143 (103) (PPE103),ESTUCHES BISAGRA PPE Micro (cotnyl),,800,6000,28000,53000,94000,Bulto x 200,,77,TRUE
H1-0078,Estuche 145 (105 oval) (PPE 105OV),ESTUCHES BISAGRA PPE Micro (cotnyl),,1000,8500,40000,77500,137000,Bulto x 200,,78,TRUE
H1-0081,Ensaladera Genoa Black Chica (400cc) (tapa 170 cristal o base genoa negra),ENSALADERA plasticas y polipapel y TRIANGULO MIGA/ porcion torta,,500,3300,14500,26500,245000,1000 unid,,81,TRUE
H1-0082,Ensaladera Genoa Cristal Chica (400cc) (tapa 170 cristal o base genoa negra),ENSALADERA plasticas y polipapel y TRIANGULO MIGA/ porcion torta,,500,3000,12500,23000,21000,1000 unid,,82,TRUE
H1-0084,Ensaladera Genoa Negra Mediana (650cc) (tapa 170 cristal o base genoa negra),ENSALADERA plasticas y polipapel y TRIANGULO MIGA/ porcion torta,,500,3200,14000,25500,235000,1000 unid,,84,TRUE
H1-0086,Ensaladera Genoa Grande Cristal (850cc) (tapa 170 cristal o base genoa negra),ENSALADERA plasticas y polipapel y TRIANGULO MIGA/ porcion torta,,600,4500,19500,35500,330000,1000 unid,,86,TRUE
H1-0087,Ensaladera Genoa Grande Negra (850cc) (tapa 170 cristal o base genoa negra),ENSALADERA plasticas y polipapel y TRIANGULO MIGA/ porcion torta,,500,3600,15500,28000,260000,1000 unid,,87,TRUE
H1-0089,Ensaladera Aruba cristal (900cc) (tapa 170),ENSALADERA plasticas y polipapel y TRIANGULO MIGA/ porcion torta,,500,3600,17000,31000,285000,1000 unid,,89,TRUE
H1-0091,Ensaladera / tortera Lisboa Baja (600cc) (tapa 170 cristal o base genoa negra),ENSALADERA plasticas y polipapel y TRIANGULO MIGA/ porcion torta,,600,4600,20500,38000,350000,1000 unid,,91,TRUE
H1-0092,Ensaladera / tortera Lisboa Alta (900 cc) (tapa 170 cristal o base genoa negra),ENSALADERA plasticas y polipapel y TRIANGULO MIGA/ porcion torta,,700,5300,24000,44000,410000,1000 unid,,92,TRUE
H1-0094,Tapa Domo 170 cristal p/ todas las ensaladera,ENSALADERA plasticas y polipapel y TRIANGULO MIGA/ porcion torta,,400,2500,10500,19500,180000,1000 unid,,94,TRUE
H1-0095,Base Black 170 p/ todas las ensaladera,ENSALADERA plasticas y polipapel y TRIANGULO MIGA/ porcion torta,,400,2600,11000,20500,190000,1000 unid,,95,TRUE
H1-0097,Ensaladera circular Polipapel 750 cc,ENSALADERA plasticas y polipapel y TRIANGULO MIGA/ porcion torta,,600,4000,17000,32000,85500,caja x 300 unid,,97,TRUE
H1-0098,Tapa plastica para ensaladera 750 cc,ENSALADERA plasticas y polipapel y TRIANGULO MIGA/ porcion torta,,300,2500,11000,20000,54000,caja x 300 unid,,98,TRUE
H1-0100,Ensaladera circular Polipapel 1000 cc,ENSALADERA plasticas y polipapel y TRIANGULO MIGA/ porcion torta,,600,4500,20000,38000,102000,caja x 300 unid,,100,TRUE
H1-0101,Tapa plastica para ensaladera 1000 cc,ENSALADERA plasticas y polipapel y TRIANGULO MIGA/ porcion torta,,400,3000,13000,24000,63000,caja x 300 unid,,101,TRUE
H1-0103,Ensaladera circular Polipapel 1100 cc,ENSALADERA plasticas y polipapel y TRIANGULO MIGA/ porcion torta,,600,4500,20000,38000,102000,caja x 300 unid,,103,TRUE
H1-0104,Tapa plastica para ensaladera 1100 cc,ENSALADERA plasticas y polipapel y TRIANGULO MIGA/ porcion torta,,400,3000,13000,24000,63000,caja x 300 unid,,104,TRUE
H1-0106,Ensaladera cartulina encerada con orificio pote adereso para Take Away Blanca,ENSALADERA plasticas y polipapel y TRIANGULO MIGA/ porcion torta,,500,4500,20000,,63900,100 unid,,106,TRUE
H1-0107,Wok con Barrera Antigrasa - 500 cm3 - Cartulina Natural,ENSALADERA plasticas y polipapel y TRIANGULO MIGA/ porcion torta,,700,5500,21500,,39000,bulto x 180 unid,,107,TRUE
H1-0109,Triangulo para Sandwich de miga plastico con tapa (Bandex),ENSALADERA plasticas y polipapel y TRIANGULO MIGA/ porcion torta,,500,3000,13500,25000,67500,caja x 375 unid,,109,TRUE
H1-0111,Bandeja descartable p/ sushi con tapa,BANDEJA PARA SUSHI,,1000,8500,40000,71000,157500,250 unid,,111,TRUE
H1-0114,Caja pizza gris grande x 100 unid. (super reforzada) N°6,CAJAS DE PIZZA // EMPANADAS Y mas,,,,,13500,,,,114,TRUE
H1-0116,Caja pizza gris grande x 100 unid. (impresa),CAJAS DE PIZZA // EMPANADAS Y mas,,,,,14500,,,,116,TRUE
H1-0117,Caja pizza marron micro grande OCTOGONAL x 50 unid.,CAJAS DE PIZZA // EMPANADAS Y mas,,,,,,,,,117,TRUE
H1-0118,Caja pizza marron micro grande x 50 unid. (Van),CAJAS DE PIZZA // EMPANADAS Y mas,,,3500,12500,,220000,x 20 paquetes,,118,TRUE
H1-0119,Caja pizza marron micro grande x 50 unid. (Aconcagua),CAJAS DE PIZZA // EMPANADAS Y mas,,,,10000,,,x 20 paquetes,,119,TRUE
H1-0120,Caja pizza marron micro grande x 50 unid. (Aconcagua) Impresa Atgentina,CAJAS DE PIZZA // EMPANADAS Y mas,,,,10500,,,,,120,TRUE
H1-0122,Caja pizza 50x50 x 100 unid,CAJAS DE PIZZA // EMPANADAS Y mas,,,,,103000,,,,122,TRUE
H1-0124,Caja pizza marron micro chica x 100 unid. (Van),CAJAS DE PIZZA // EMPANADAS Y mas,,400,3000,,25000,,,,124,TRUE
H1-0125,Caja pizza marron micro chica x 50 unid. (Aconcagua),CAJAS DE PIZZA // EMPANADAS Y mas,,,,8500,,,x 1000 unid,,125,TRUE
H1-0126,Caja pizza gris chica x 100 unid. (Van),CAJAS DE PIZZA // EMPANADAS Y mas,,,,,,,,"x 10: ,",126,TRUE
H1-0128,Caja carton microcorrugado DFX (15x11x7),/ EMPANADAS Y mas,,500,3500,,25000,220000,x 1000,,128,TRUE
H1-0129,Caja carton microcorrugado DFX (15x11x7) CON VISOR,/ EMPANADAS Y mas,,800,6500,,55000,490000,x 1000,,129,TRUE
H1-0130,"Caja carton microcorrugado (E2) 28x28x6,5",/ EMPANADAS Y mas,,500,3500,,31000,280000,x 1000,,130,TRUE
H1-0131,"Caja carton microcorrugado (E2) 28x28x6,5 CON VISOR",/ EMPANADAS Y mas,,1000,8500,,75000,680000,x 1000,,131,TRUE
H1-0132,"Cajas de empanadas de una docena ( E6) x 100 unid.(18*20*7,5)",/ EMPANADAS Y mas,,600,4000,,28000,250000,x 1000,,132,TRUE
H1-0133,"Cajas de empanadas de una docena ( E6) x 100 unid.(18*20*7,5) Con/VISOR",/ EMPANADAS Y mas,,800,6000,,49000,440000,x 1000,,133,TRUE
H1-0134,Cajas de empanadas de una docena ( E12) x 100 unid.(19*25*6),/ EMPANADAS Y mas,,600,4000,,30000,260000,x 1000,,134,TRUE
H1-0135,Cajas de empanadas de una docena ( E12N) x 100 unid.(19*27*6),/ EMPANADAS Y mas,,600,4000,,30000,260000,x 1000,,135,TRUE
H1-0136,Caja Empanada doc y media (E18) microcorrugado (24*26*7),/ EMPANADAS Y mas,,600,4000,,29000,260000,x 1000,,136,TRUE
H1-0137,Caja Empanada doc y media (E18) microcorrugado (24*26*7) CON VISOR,/ EMPANADAS Y mas,,800,6000,,48000,420000,x 1000,,137,TRUE
H1-0138,Cajas de empanadas de una docena ( E24) x 100 unid.(32*17*7),/ EMPANADAS Y mas,,500,3500,,30000,260000,x 1000,,138,TRUE
H1-0140,Caja Hamburguesa Nueva (21x16x8),/ EMPANADAS Y mas,,600,4000,,28000,250000,x 1000,,140,TRUE
H1-0142,Caja Minitorta Micro marron ciega (Andre) 19x19x10,/ EMPANADAS Y mas,,600,4000,,32000,290000,x 1000,,142,TRUE
H1-0144,Caja explosiva 12 Micro (12x12x10),/ EMPANADAS Y mas,,700,5500,,43500,390000,x 1000,,144,TRUE
H1-0145,Caja explosiva 15 micro (15x15x15),/ EMPANADAS Y mas,,800,6500,,59000,52000,x 1000,,145,TRUE
H1-0147,"Mini alfajor carton ecologico sin visor (20x12x5,5) Van",/ EMPANADAS Y mas,,400,2500,11000,19000,170000,Bulto x 1000,,147,TRUE
H1-0148,"Mini alfajor carton ecologico con visor (20x12x5,5) Van",/ EMPANADAS Y mas,,700,5000,22000,42000,370000,Bulto x 1000,,148,TRUE
H1-0150,Caja Valija Mini (11x11x5) sin cordon,/ EMPANADAS Y mas,,500,3500,,29000,260000,x 1000,,150,TRUE
H1-0151,Caja Valija maquillaje (14x20x6) sin cordon,/ EMPANADAS Y mas,,500,4000,,31000,280000,x 1000,,151,TRUE
H1-0152,Caja Valija Botella (18x34x10) Sin cordon,/ EMPANADAS Y mas,,900,7500,,69000,610000,x 1000,,152,TRUE
H1-0153,Cordon para caja valija x mts,/ EMPANADAS Y mas,,300,500,,,13000,x 50 mts,Unidad: 1/2 metro $300 · x 10: x metro $ 500 · x 50: x 10 mts 3000,153,TRUE
H1-0155,Cajas de ravioles Microcorrugado Super fuertes impresas,/ EMPANADAS Y mas,,800,7000,,64000,,,,155,TRUE
H1-0156,Cajas de ravioles ecologica Marron,/ EMPANADAS Y mas,,,,,,,,,156,TRUE
H1-0157,Cajas de ravioles eco gris,/ EMPANADAS Y mas,,,,,17000,150000,x 1000 unid,,157,TRUE
H1-0158,Cajas de ravioles cartulina Blancas,/ EMPANADAS Y mas,,,,,21000,185000,x 1000 unid,,158,TRUE
H1-0159,Cajas para pastas cartulina impresa en tapa y dorso con tips y consejos,/ EMPANADAS Y mas,,,2500,10500,19000,,x500 unid,,159,TRUE
H1-0161,Fondo pizza satinado por kg. Grande o chico,/ EMPANADAS Y mas,,3500,,,,31000,10 kilos,,161,TRUE
H1-0162,Fondo Raviolero satinado (19x27) x kg,/ EMPANADAS Y mas,,5100,,,,45000,10 kilos,,162,TRUE
H1-0164,Fajas de carton grande (por kg) 60/70 cm y 40 cm . Satinada,/ EMPANADAS Y mas,,2400,,,,22000,10 kilos,,164,TRUE
H1-0166,Tripode para pizza x Kg,/ EMPANADAS Y mas,,2200,,,,20000,x 10 kg,,166,TRUE
H1-0168,Papel diario blanco cortado en hojas x kg (25x30 //30x40 35x45 // 40x50 // 50x70 // 60x90),PAPEL SULFITO Y FANTASIA,,2700,,,,24000,10 kilos,,168,TRUE
H1-0170,"Papel x bobina diario prensa (48,8 grs) x KG",PAPEL SULFITO Y FANTASIA,,2700,,,,2400,,,170,TRUE
H1-0172,Bobina SULTIFO SEIN express MOVAR (150 mts) 40 cm,PAPEL SULFITO Y FANTASIA,,9100,,,,81000,x 10 rollos,,172,TRUE
H1-0173,Bobina SULTIFO SEIN express MOVAR (150 mts) 60 cm,PAPEL SULFITO Y FANTASIA,,14000,,,,125000,x 10 rollos,,173,TRUE
H1-0175,Papel Panaderia/ fantasia x Kg,PAPEL SULFITO Y FANTASIA,,3000,,,,2700,,,175,TRUE
H1-0177,papel parafinado impreso para hamburguesa x Kg (30x40),PAPEL SULFITO Y FANTASIA,,16800,,,,150000,bulto x 10 kg,,177,TRUE
H1-0178,papel parafinado Liso para hamburguesa x Kg (30x40),PAPEL SULFITO Y FANTASIA,,,,,,,Bulto x 10 kg,,178,TRUE
H1-0180,Papel Termico plata para hamburguesas (30x40) (1kg aprox 160 hojas),PAPEL SULFITO Y FANTASIA,,22500,,,,20000,bulto x 10 kg,,180,TRUE
H1-0182,papel en rollo Kraft liso (60/70 grs)en bobina x Kg,PAPEL SULFITO Y FANTASIA,,2000,,,,1800,,,182,TRUE
H1-0184,Papel en rollo FANTASIA en bobina x Kg,PAPEL SULFITO Y FANTASIA,,3000,,,,,,,184,TRUE
H1-0185,Papel en rollo FANTASIA cristal en bobina x Kg,PAPEL SULFITO Y FANTASIA,,3100,,,,,,,185,TRUE
H1-0187,Papel fantasia Express Cristal bobina 40 cm (150 mts),PAPEL SULFITO Y FANTASIA,,20000,,,,,,,187,TRUE
H1-0188,Papel fantasia Express Sulfito bobina 40 cm (150 mts),PAPEL SULFITO Y FANTASIA,,17000,,,,,,,188,TRUE
H1-0189,Papel fantasia Express Kraft bobina 40cm (150 mts),PAPEL SULFITO Y FANTASIA,,15000,,,,,,,189,TRUE
H1-0190,Papel fantasia Express DORADA bobina 40cm (150 mts),PAPEL SULFITO Y FANTASIA,,21000,,,,,,,190,TRUE
H1-0191,Papel fantasia Express 4 colores bobina 40 cm (150 mts),PAPEL SULFITO Y FANTASIA,,21000,,,,,,,191,TRUE
H1-0193,Papel fantasia Express cristal bobina 60 cm (150 mts),PAPEL SULFITO Y FANTASIA,,28000,,,,,,,193,TRUE
H1-0194,Papel fantasia Express Sulfito bobina 60 cm (150 mts),PAPEL SULFITO Y FANTASIA,,25000,,,,,,,194,TRUE
H1-0195,Papel fantasia Express Kraft bobina 60cm (150 mts),PAPEL SULFITO Y FANTASIA,,18000,,,,,,,195,TRUE
H1-0196,Papel fantasia Express DORADA bobina 60cm (150 mts),PAPEL SULFITO Y FANTASIA,,30000,,,,,,,196,TRUE
H1-0197,Papel fantasia Express 4 colores bobina 60 cm (150 mts),PAPEL SULFITO Y FANTASIA,,29000,,,,,,,197,TRUE
H1-0199,Bobina Papel fantasia MURESCO 35 cm x 200 mts,PAPEL SULFITO Y FANTASIA,,31000,,,,280000,x 10 rollos,,199,TRUE
H1-0200,Bobina Papel fantasia MURESCO 60 cm x 150 mts,PAPEL SULFITO Y FANTASIA,,42000,,,,380000,x 10 rollos,,200,TRUE
H1-0202,Bobina papel fantasia premiun (BP) 40cm x 100 mts,PAPEL SULFITO Y FANTASIA,,18000,,,,,x 10 rollos,,202,TRUE
H1-0203,Bobina papel fantasia premiun (BP) 60cm x 100 mts,PAPEL SULFITO Y FANTASIA,,25000,,,,,x 10 rollos,,203,TRUE
H1-0205,Bobina FANTASIA // PANADERIA Eco X x 120 mts. 40 cm,PAPEL SULFITO Y FANTASIA,,12500,,,,110000,x 10 rollos,,205,TRUE
H1-0206,Bobina FANTASIA // PANADERIA Eco X x 120 mts. 60 cm,PAPEL SULFITO Y FANTASIA,,16500,,,,145000,x 10 rollos,,206,TRUE
H1-0208,Bobina Fantasia (Jp) x 180 mts 40 cm,PAPEL SULFITO Y FANTASIA,,21000,,,,190000,x 10 rollos,,208,TRUE
H1-0210,"Bobina papel eco red Kraft ""Panal"" 48 cm x 50 mts",PAPEL SULFITO Y FANTASIA,,19000,,,,165000,x 10 rollos,,210,TRUE
H1-0212,Porta rollo de 40 cm.,PAPEL SULFITO Y FANTASIA,,39000,,,,350000,x 10 unid,,212,TRUE
H1-0213,Porta rollo de 60 cm.,PAPEL SULFITO Y FANTASIA,,63000,,,,560000,x 10 unid,,213,TRUE
H1-0214,Porta rollo combinado 40-60,PAPEL SULFITO Y FANTASIA,,,,,,,x 10 unid,,214,TRUE
H1-0216,Papel Seda P. 50x70 BLANCO,PAPEL DE SEDA Y PAPEL CELOFAN,,200,1300,4500,,40000,500 unid,,216,TRUE
H1-0217,Papel Seda P. 50x70 COLOR (20 mc),PAPEL DE SEDA Y PAPEL CELOFAN,,200,1300,4500,,40000,500 unid,,217,TRUE
H1-0218,Papel Seda P. ORO // PLATEADA 50x70 (20 mc),PAPEL DE SEDA Y PAPEL CELOFAN,,500,4000,16500,,147000,500 unid,,218,TRUE
H1-0220,Seda Personalizado 50x 70,PAPEL DE SEDA Y PAPEL CELOFAN,,,,,,90000,x 200 unid,,220,TRUE
H1-0222,Papel CELOFAN 55x90 (20 micrones),PAPEL DE SEDA Y PAPEL CELOFAN,,200,1500,5000,,,,,222,TRUE
H1-0223,Papel CELOFAN 70x100 (30 mc),PAPEL DE SEDA Y PAPEL CELOFAN,,500,3000,,22000,200000,1000 hojas,,223,TRUE
H1-0225,Papel regalo fino importado 50 x 70 (paq de 50 unid),PAPEL DE REGALO y CONTAC,,,,,,,,,225,TRUE
H1-0227,Papel regalo hologramado 50x70 (paq x 100 hojas),PAPEL DE REGALO y CONTAC,,400,2500,,18500,165000,x 1000 unid,,227,TRUE
H1-0229,Papel regalo fino importado x 100 unid. 50x70 (4 motivos),PAPEL DE REGALO y CONTAC,,,,,,,,,229,TRUE
H1-0231,Papel regalo 50x70 Blister x 2 + 2 Moños,PAPEL DE REGALO y CONTAC,,500,,,,,10 blister,,231,TRUE
H1-0233,Papeles de regalo MURESCO premium 70x100 cm,PAPEL DE REGALO y CONTAC,,800,6500,,,56000,x 100 unid,,233,TRUE
H1-0234,Papeles de regalo MURESCO premium 70x100 cm promooo,PAPEL DE REGALO y CONTAC,,,5500,,,47000,x 100 unid,,234,TRUE
H1-0235,Papeles de Regalo 70x 100 cm Promo Murillo ( paquete x 20 hojas),PAPEL DE REGALO y CONTAC,,,,,,,x 10 paq,,235,TRUE
H1-0237,Papel regalo 70x100 cm papel ilustracion 90 grs impresión 2 colores,PAPEL DE REGALO y CONTAC,,800,6000,,,54000,x 100 unid,,237,TRUE
H1-0238,Papel regalo 70x100 cm papel ilustracion 90 grs impresión 2 colores cora dorado,PAPEL DE REGALO y CONTAC,,800,6000,,,54000,x 100 unid,,238,TRUE
H1-0240,Contac transparente ( en rollo ),PAPEL DE REGALO y CONTAC,,1200,,,9800,87000,10 rollos x 10 mts,Unidad: x mt $1200 · x 100: rollo 10 mts $ 9800,240,TRUE
H1-0242,Hilo algodón barrilete ovillo de 33 grs (cod 23),HILOS,,300,2600,,,23000,10 paq x 10 unid,,242,TRUE
H1-0244,Hilo Choricero ovillo x 33 grs (cod 33/34),HILOS,,400,3400,,,30000,10 paq x 10 unid,,244,TRUE
H1-0246,Hilo algodón crudo grande 3 hebras Pizzerito bobinas x 80 mts. (cod 1032),HILOS,,500,3500,,,6000,caja x 20 bobinas,,246,TRUE
H1-0247,Hilo algodón crudo grande 3 hebras Pizzero x 250 grs. (cod 1034),HILOS,,1700,,,,16800,caja x 12 bobinas,,247,TRUE
H1-0248,Hilo chorizero amarillo grande x 250 grs (cod 1130),HILOS,,2400,,,,25200,bulto x 12 bobinas,,248,TRUE
H1-0249,Hilo Algodón Bicolor grande Pulido español x 250 grs. (cod 1185),HILOS,,2500,,,,27600,caja x 12 bobinas,,249,TRUE
H1-0250,Hilo Algodón Bicolor (Crudo y Rojo) bobinas x 250 grs (cod 1153),HILOS,,2200,,,,24000,caja x 12 bobinas,,250,TRUE
H1-0252,Hilo Algodón Bicolor (crudo /color)G5/M8 bobinas 50 grs (cod 1152),HILOS,,800,,,,10000,caja x 20 bobinas,,252,TRUE
H1-0254,Hilo BiColor y color pleno ovillos 33 grs (cod 10),HILOS,,400,2800,,,24500,10 paq x 10 unid,,254,TRUE
H1-0256,"Hilo algodón "" Variedad"" 5 colores al acqua bobina x 33 grs ( cod 9)",HILOS,,400,3100,,,27000,10 paq x 10 unid,,256,TRUE
H1-0258,Hilo chico bicolor amarillo y rojo (110 grs),HILOS,,800,6500,,,,,,258,TRUE
H1-0260,Hilo Algodón Veteado (crudo y firme) 40 hebras bobina x 135 mts (cod 1222),HILOS,,4100,,,,21600,caja de 6 bobinas,,260,TRUE
H1-0262,Hilo Macrame colores Firme ovillo 30 mts ( cod 1199),HILOS,,1200,10000,,,,caja x 24 ovillos,,262,TRUE
H1-0264,Hilo plástico polipropileno contorsion 400 grs (cod 1368),HILOS,,4300,,,,,Caja x 16 bobinas,,264,TRUE
H1-0265,Hilo plástico polipropileno contorsion 120 mts aprox (cod 1362),HILOS,,2700,25000,,,27000,Caja x 12 bobinas,,265,TRUE
H1-0266,Cinta plástica rollo grande x rollo (cod 1405),HILOS,,7500,,,,39000,caja x 6 rollos,,266,TRUE
H1-0267,Cinta plástica rollo grande x kg (cod 1408),HILOS,,,,,,,precio kg x bulto,,267,TRUE
H1-0269,Hilo YUTE Mix Cotton Crudo( Natural) x 30 mts (cod 478),HILOS,,1600,14000,,,125000,10 paq x 10 unid,,269,TRUE
H1-0270,Hilo YUTE natural ovillo x 30 mts (cod 413),HILOS,,1500,13500,,,120000,10 paq x 10 unid,,270,TRUE
H1-0271,Hilo YUTE natural bambino de 2mm x 20 mts (cod 411),HILOS,,900,7500,,,11000,caja x 20,,271,TRUE
H1-0272,Hilo YUTE natural extra fino bobina x 100 mts (cod 404),HILOS,,1200,10500,,,19000,caja x 20,,272,TRUE
H1-0273,Hilo YUTE Color ovillo x 30 grs (cod 425),HILOS,,1400,12000,,,105000,10 paq x 10 unid,,273,TRUE
H1-0274,Hilo YUTELINA natural x 30 mts (cod 432),HILOS,,1100,9300,,,82000,10 paq x 10 unid,,274,TRUE
H1-0276,Hilo SISAL multiuso natural ovillo x 30 mts (cod 341),HILOS,,1200,10000,,,87000,10 paq x 10 unid,,276,TRUE
H1-0277,Hilo SISAL Color artesanal premium ovillos 80 grs (cod 382),HILOS,,1000,8900,,,79000,10 paq x 10 unid,,277,TRUE
H1-0279,Hilo SISALINA NATURAL ovillo 60 grs (25 mts) (cod 333),HILOS,,1000,8500,,,75000,10 paq x 10 unid,,279,TRUE
H1-0280,Hilo SISALINA natural de 1mm bobina x 25 mts (cod 332),HILOS,,900,7500,,,14000,caja x 20 bobinas,,280,TRUE
H1-0281,Hilo SISALINA COLOR bobinitas de 50 grs ( cod 334),HILOS,,1500,12000,,,,,,281,TRUE
H1-0283,Hilo Encerado mirelito bobina de 70 mts (cod 901),HILOS,,1000,,,,12000,caja x 15 unid,,283,TRUE
H1-0284,Hilo Encerado mirelito Fluor & Violeta bobina de 70 mts (cod 902),HILOS,,1200,,,,15000,caja x 15 unid,,284,TRUE
H1-0286,Bolsa residuo chica x paq 10 und. (45 X 60) (22 micrones) MABI,RESIDUOS Y CONSORCIOS,,800,6000,,,53000,100 paq x 10 unid,,286,TRUE
H1-0287,Bolsa residuo rollo x 30 und. (45 X 60) Son Buenas,RESIDUOS Y CONSORCIOS,,,,,,,50 rollos x 30 unid,,287,TRUE
H1-0288,Bolsas residuo paq x 10 unid 45x60 (BIOBAG),RESIDUOS Y CONSORCIOS,,400,3300,,,29000,100 paq x 10 unid,,288,TRUE
H1-0289,Bolsa residuo rollo x 20 unid (45x60) Rolan (bulto),RESIDUOS Y CONSORCIOS,,1100,9000,,,40000,bulto x 50 rollos,,289,TRUE
H1-0291,Bolsa Residuo paquetes x 10 unid (50 x 70) (22 micrones) MABI,RESIDUOS Y CONSORCIOS,,900,7000,,,63000,100 paq x 10 unid,,291,TRUE
H1-0292,Bolsas residuo paq x 10 unid 50x70 (BIOBAG),RESIDUOS Y CONSORCIOS,,500,4300,,,37500,100 paq x 10 unid,,292,TRUE
H1-0293,Bolsas residuo Rollo x 20 unid (50x70) Rolan (Bulto),RESIDUOS Y CONSORCIOS,,1400,12000,,,52500,bulto x 50 rollos,,293,TRUE
H1-0295,Bolsa consorcio 60 x 90 Reforzada MABI,RESIDUOS Y CONSORCIOS,,1300,11500,,,40000,40 paq x 10 unid,,295,TRUE
H1-0296,Bolsas consorcio paq x 10 unid 60x90 (BIOBAG),RESIDUOS Y CONSORCIOS,,900,7500,,,33000,50 paq x 10 unid,,296,TRUE
H1-0297,Bolsa consorcio Rollo x 10 unid 60x90 Rolan (Bulto),RESIDUOS Y CONSORCIOS,,1300,11700,,,52500,bulto x 50 rollos,,297,TRUE
H1-0299,Bolsa consorcio 80 x 110 de 30 Micrones MABI,RESIDUOS Y CONSORCIOS,,2000,18500,,,49500,30 paq x 10 unid,,299,TRUE
H1-0300,Bolsa consorcio 80 x 110 de 40 Micrones MABI,RESIDUOS Y CONSORCIOS,,2400,22500,,,40000,20 paq x 10 unid,,300,TRUE
H1-0301,Bolsas consorcio paq x 10 unid 80x110 (BIOBAG),RESIDUOS Y CONSORCIOS,,1300,12800,,,33900,30 paq x 10 unid,,301,TRUE
H1-0302,Bolsas Consorcio 80 x 110 Rolan rollo x 10 unid (Bulto),RESIDUOS Y CONSORCIOS,,2600,24000,,,53750,bulto x 25 rollos,,302,TRUE
H1-0304,Bolsas Consorcio paquete x 10 unid 90 x 120 MABI,RESIDUOS Y CONSORCIOS,,2500,23500,,,41000,20 paq x 10 unid,,304,TRUE
H1-0305,Bolsas consorcio paq x 10 unid 90x120 (BIOBAG),RESIDUOS Y CONSORCIOS,,1800,16600,,,45000,30 paq x 10 unid,,305,TRUE
H1-0306,Bolsas Consorcio Rollo x 10 unid 90 x 120 Rolan,RESIDUOS Y CONSORCIOS,,3700,35600,,,50400,caja x 16 rollos,,306,TRUE
H1-0308,Bolsa consorcio VERDE 90x140,RESIDUOS Y CONSORCIOS,,,,,,,,,308,TRUE
H1-0310,Bolsa para Escombros 40x60 envasada x 10 unid 100 Micrones,RESIDUOS Y CONSORCIOS,,,2500,,20000,,x 500 unid,,310,TRUE
H1-0311,Bolsa para Escombros 50x70 100 Micrones,RESIDUOS Y CONSORCIOS,,600,4000,,34000,300000,1000 unid,,311,TRUE
H1-0313,Arranque p/ diarios 1 1/2 kg. 20x60 A/D,RESIDUOS Y CONSORCIOS,,,,,,,bulto x 6 rollos,,313,TRUE
H1-0315,Bolsas perfumadas limon Para Mascotas 34x38 negras rollo x 20 unid,RESIDUOS Y CONSORCIOS,,1000,8000,,,35000,Caja x 50 rollos,,315,TRUE
H1-0316,Bolsas perfumadas para baño 34x38 rollo x 20 unid,RESIDUOS Y CONSORCIOS,,1000,8000,,,35000,Caja x 50 rollos,,316,TRUE
H1-0318,"Almanaque MIGNON (5x5,4)",ALMANAQUE,,,1300,2000,3200,28000,1000 unid,x 10: $1300 x 25,318,TRUE
H1-0319,"Almanaque organizador para colgar 34,5x21,5 cm",ALMANAQUE,,2000,17000,,,150000,100 unid,,319,TRUE
H1-0321,Cinta regalo liso 10 mm x 500 mtrs,CINTAS MOÑOS / ADHESIVA / PAPEL REG.,,12000,,,,107000,x 10 unid,,321,TRUE
H1-0322,Cinta regalo liso 5 mm x 1000 mtrs.,CINTAS MOÑOS / ADHESIVA / PAPEL REG.,,11500,,,,100000,x 10 unid,,322,TRUE
H1-0324,Cinta regalo lame 5mm x 500 mtrs.,CINTAS MOÑOS / ADHESIVA / PAPEL REG.,,15500,,,,140000,x 10 unid,,324,TRUE
H1-0325,Cinta regalo lame 10 mm x 250 mts.,CINTAS MOÑOS / ADHESIVA / PAPEL REG.,,15500,,,,140000,x 10 unid,,325,TRUE
H1-0327,Cintas Moños Lisa 10 x 10 mts.,CINTAS MOÑOS / ADHESIVA / PAPEL REG.,,1000,,,,80000,x 100 unid,,327,TRUE
H1-0328,Cintas Moños Lisa 10 x 25 mts.,CINTAS MOÑOS / ADHESIVA / PAPEL REG.,,1500,,,,130000,x 100 unid,,328,TRUE
H1-0329,Cinta moños Lisa 12 x 50 mts.,CINTAS MOÑOS / ADHESIVA / PAPEL REG.,,1900,,,,170000,x 100 unid,,329,TRUE
H1-0330,Cinta moños Lisa 20 x 50 mts,CINTAS MOÑOS / ADHESIVA / PAPEL REG.,,3300,,,,300000,x 100 unid,,330,TRUE
H1-0331,Cinta moños Lisa 25 x 50 mts.,CINTAS MOÑOS / ADHESIVA / PAPEL REG.,,4200,,,,370000,x 100 unid,,331,TRUE
H1-0332,Cinta novia Lisa 50 x 30 mts.,CINTAS MOÑOS / ADHESIVA / PAPEL REG.,,5000,,,,,,,332,TRUE
H1-0333,Cinta novia Lisa 50 x 40 mts.,CINTAS MOÑOS / ADHESIVA / PAPEL REG.,,6400,,,,,,,333,TRUE
H1-0334,Cinta novia Lisa 50 x 30 mts.,CINTAS MOÑOS / ADHESIVA / PAPEL REG.,,7200,,,,,,,334,TRUE
H1-0335,Cinta novia Lisa 100 x 40 mts.,CINTAS MOÑOS / ADHESIVA / PAPEL REG.,,11000,,,,,,,335,TRUE
H1-0336,Cinta novia Lisa 100 x 30 mts,CINTAS MOÑOS / ADHESIVA / PAPEL REG.,,8000,,,,,,,336,TRUE
H1-0338,Cintas Moños Lisa 10 x 10 mts.,CINTAS MOÑOS / ADHESIVA / PAPEL REG.,,1000,,,,80000,x100 unid,,338,TRUE
H1-0339,Cinta METALIZADA o LAME 10 x 10 mts.,CINTAS MOÑOS / ADHESIVA / PAPEL REG.,,2000,,,,180000,x 100 unid,,339,TRUE
H1-0340,Cinta METALIZADA 10 x 20 mts.,CINTAS MOÑOS / ADHESIVA / PAPEL REG.,,2900,,,,260000,x 100 unid,,340,TRUE
H1-0341,Cinta METALIZADA 20 x 10 mts.,CINTAS MOÑOS / ADHESIVA / PAPEL REG.,,4000,,,,360000,x50 cintas,,341,TRUE
H1-0343,Cinta fantasia 12x50 mts lisa y metalizada 12x40 FANTASIA / NAVIDEÑA,CINTAS MOÑOS / ADHESIVA / PAPEL REG.,,3000,,,,102600,caja display x 38 unid,,343,TRUE
H1-0344,Cinta fantasia 10x50 mts,CINTAS MOÑOS / ADHESIVA / PAPEL REG.,,2300,,,,205000,x 100 unid,,344,TRUE
H1-0345,Cinta fantasia 20x50 mts,CINTAS MOÑOS / ADHESIVA / PAPEL REG.,,4200,,,,365000,x 100 unid,,345,TRUE
H1-0346,Cinta fantasia 25x50 mts,CINTAS MOÑOS / ADHESIVA / PAPEL REG.,,5300,,,,470000,x 100 unid,,346,TRUE
H1-0348,Cinta bandera 25 x 50,CINTAS MOÑOS / ADHESIVA / PAPEL REG.,,,,,,,,,348,TRUE
H1-0349,Cinta bandera 38 x 50,CINTAS MOÑOS / ADHESIVA / PAPEL REG.,,4500,,,,,,,349,TRUE
H1-0350,Cinta bandera 50 x 50,CINTAS MOÑOS / ADHESIVA / PAPEL REG.,,4900,,,,,,,350,TRUE
H1-0351,Cinta bandera 100 x 40,CINTAS MOÑOS / ADHESIVA / PAPEL REG.,,5800,,,,,,,351,TRUE
H1-0353,Moño Rapido MICRO Liso ( 12 cm largo),CINTAS MOÑOS / ADHESIVA / PAPEL REG.,,,,,2600,23000,10 paquetes,,353,TRUE
H1-0355,Moño Rapido MINI Liso (25 cm largo),CINTAS MOÑOS / ADHESIVA / PAPEL REG.,,100,600,,4400,39000,10 paquetes,,355,TRUE
H1-0356,Moño Rapido MINI Fantasia Estrellas-corazones etc,CINTAS MOÑOS / ADHESIVA / PAPEL REG.,,200,900,,5200,46000,10 paquetes,,356,TRUE
H1-0357,Moño Rapido MINI Metal o Lame,CINTAS MOÑOS / ADHESIVA / PAPEL REG.,,200,1000,,7500,66000,10 paquetes,,357,TRUE
H1-0359,Moño Rapido MEDIANO Liso (40 cm largo),CINTAS MOÑOS / ADHESIVA / PAPEL REG.,,200,1000,4400,,39000,10 paquetes,,359,TRUE
H1-0360,Moño Rapido MEDIANO Fantasia estrella lunares - etc,CINTAS MOÑOS / ADHESIVA / PAPEL REG.,,300,1500,5200,,46000,10 paquetes,,360,TRUE
H1-0361,Moño Rapido MEDIANO Metal o Lame,CINTAS MOÑOS / ADHESIVA / PAPEL REG.,,300,2000,7500,,66000,10 paquetes,,361,TRUE
H1-0363,Moño Rapido GRANDE Liso (50 cm largo),CINTAS MOÑOS / ADHESIVA / PAPEL REG.,,300,2000,6500,,57000,10 paquetes,,363,TRUE
H1-0364,Moño Rapido GRANDE Fantasia,CINTAS MOÑOS / ADHESIVA / PAPEL REG.,,300,2000,7800,,69000,10 paquetes,,364,TRUE
H1-0365,Moño Rapido GRANDE Metal,CINTAS MOÑOS / ADHESIVA / PAPEL REG.,,400,3000,12000,,106000,10 paquetes,,365,TRUE
H1-0367,Moño araña metal con adhesivo,CINTAS MOÑOS / ADHESIVA / PAPEL REG.,,300,2000,6700,,60000,x 10 cajas de 50 unid,,367,TRUE
H1-0369,Moño ESTRELLA MEDIANO Metal,CINTAS MOÑOS / ADHESIVA / PAPEL REG.,,400,,,,3000,bolsa x 12 unid,,369,TRUE
H1-0370,Moño ESTRELLA MEDIANO Lame,CINTAS MOÑOS / ADHESIVA / PAPEL REG.,,400,,,,3000,bolsa x 12 unid,,370,TRUE
H1-0372,Moño ESTRELLA GRANDE Metal,CINTAS MOÑOS / ADHESIVA / PAPEL REG.,,600,,,,3500,bolsa x 6 unid,,372,TRUE
H1-0373,Moño ESTRELLA GRANDE Lame,CINTAS MOÑOS / ADHESIVA / PAPEL REG.,,600,,,,3500,bolsa x 6 unid,,373,TRUE
H1-0375,Moño Estrella Nº2 Surtidos x 50 unid. BRIGHT,CINTAS MOÑOS / ADHESIVA / PAPEL REG.,,200,1500,5000,,,,,375,TRUE
H1-0376,Moño Estrella Nº6 Surtidos x 25 unid. BRIGHT,CINTAS MOÑOS / ADHESIVA / PAPEL REG.,,200,1500,5000,,,,,376,TRUE
H1-0378,"Cinta adhesiva 12 x 30 mts ""Stiko""",CINTAS ADHESIVAS Y DE PAPEL,,1000,11100,,,118080,caja x 144 unid,x 10: x 12 $ 11100,378,TRUE
H1-0380,Cinta adhesiva 18 x 50 mts economico (cono chico),CINTAS ADHESIVAS Y DE PAPEL,,700,6100,,,54000,x 100 unid,,380,TRUE
H1-0381,"Cinta adhesiva 18 x 50 mts ""Stiko"" cono grande",CINTAS ADHESIVAS Y DE PAPEL,,1200,8480,,,45120,caja x 48 unid,x 10: x 8 $ 8480,381,TRUE
H1-0383,Cinta adhesiva 12 x 40 mts (PluP) PROMOOOOO,CINTAS ADHESIVAS Y DE PAPEL,,400,3000,,,37440,caja x 144 unid,,383,TRUE
H1-0384,"Cinta adhesiva 12 x 60 mts ""Stiko""",CINTAS ADHESIVAS Y DE PAPEL,,1400,16000,,,83520,caja x 72 unid,x 10: x 12 $ 16000,384,TRUE
H1-0386,Cinta adhesiva 24 x 45 mts (PluP) PROMOOOOO,CINTAS ADHESIVAS Y DE PAPEL,,700,5500,,,32400,caja x 72 unid,,386,TRUE
H1-0387,"Cinta adhesiva 24 x 50 mts ""Stiko""",CINTAS ADHESIVAS Y DE PAPEL,,1650,,,,104400,caja x 72 unid,,387,TRUE
H1-0389,Cinta adhesiva 48 x 40 mts transp / marron (PluP) PROMOOOOO,CINTAS ADHESIVAS Y DE PAPEL,,700,5500,,,,caja x 36 unid,,389,TRUE
H1-0390,"Cinta adhesiva 48 x 50 mts ""Stiko""",CINTAS ADHESIVAS Y DE PAPEL,,3150,,,,200880,caja x 72 unid,,390,TRUE
H1-0392,Cinta adhesiva 48 x 80 mts Transp / Marron (PluP) PROMOOOOO,CINTAS ADHESIVAS Y DE PAPEL,,,,,,,caja x 36 unid,,392,TRUE
H1-0393,Cinta adhesiva 48 x 90 mts reales,CINTAS ADHESIVAS Y DE PAPEL,,1800,16500,,,48600,caja x 36 unid,,393,TRUE
H1-0394,"Cinta adhesiva 48 x 100 mts ""Stiko""",CINTAS ADHESIVAS Y DE PAPEL,,5500,,,,176400,caja x 36 unid,,394,TRUE
H1-0396,"Cinta doble Faz 12 x 25 ""Stiko""",CINTAS ADHESIVAS Y DE PAPEL,,3100,,,,194400,caja x 72 unid,,396,TRUE
H1-0397,"Cinta doble Faz 18 x 25 ""Stiko""",CINTAS ADHESIVAS Y DE PAPEL,,4400,,,,184800,caja x 48 unid,,397,TRUE
H1-0398,"Cinta doble Faz 24 x 25 ""Stiko""",CINTAS ADHESIVAS Y DE PAPEL,,5600,,,,178200,caja x 36 unid,,398,TRUE
H1-0400,"Cinta papel ""Stiko"" 12 x 50 mts",CINTAS ADHESIVAS Y DE PAPEL,,2000,,,,120240,caja x 72 unid,,400,TRUE
H1-0401,"Cinta papel ""Stiko"" 18 x 50 mts",CINTAS ADHESIVAS Y DE PAPEL,,2500,,,,103680,caja x 48 unid,,401,TRUE
H1-0402,"Cinta papel ""Stiko"" 24 x 50mts",CINTAS ADHESIVAS Y DE PAPEL,,3200,,,,102600,caja x 36 unid,,402,TRUE
H1-0403,"Cinta papel ""Stiko"" 48 x 50 mts",CINTAS ADHESIVAS Y DE PAPEL,,6000,,,,92520,caja x 18 unid,,403,TRUE
H1-0405,"Cinta papel ""Eco"" 12 x 40 mts",CINTAS ADHESIVAS Y DE PAPEL,,1300,11000,,,64800,caja x 72 unid,,405,TRUE
H1-0406,"Cinta papel ""Eco"" 18 x 40 mts",CINTAS ADHESIVAS Y DE PAPEL,,1700,15500,,,67200,caja x 48 unid,,406,TRUE
H1-0407,"Cinta papel ""Eco"" 24 x 40 mts",CINTAS ADHESIVAS Y DE PAPEL,,2200,20500,,,64800,caja x 36 unid,,407,TRUE
H1-0408,"Cinta papel ""Eco"" 36 x 40 mts",CINTAS ADHESIVAS Y DE PAPEL,,3200,30500,,,64800,caja x 24 unid,,408,TRUE
H1-0409,"Cinta papel ""Eco"" 48 x 40 mts",CINTAS ADHESIVAS Y DE PAPEL,,4100,37000,,,118800,caja x 36 unid,,409,TRUE
H1-0411,"Cinta Papel AZUL ""Stiko"" 18x50 mts",CINTAS ADHESIVAS Y DE PAPEL,,1500,,,,64800,caja x 48 unid,,411,TRUE
H1-0412,"Cinta Papel AZUL ""Stiko"" 24x50 mts",CINTAS ADHESIVAS Y DE PAPEL,,2000,,,,64800,caja x 36 unid,,412,TRUE
H1-0414,Cinta Peligro,CINTAS ADHESIVAS Y DE PAPEL,,,,,,,,,414,TRUE
H1-0415,Cinta fragil blanca x 50 mts,CINTAS ADHESIVAS Y DE PAPEL,,1900,17000,,,46800,caja x 36 unid,,415,TRUE
H1-0417,Bandas elasticas n°40 Blister x 10 grs Flexiband,BANDAS ELASTICAS,,500,5400,,,,caja x 5 blister,x 10: blister x12 unid $ 5400,417,TRUE
H1-0419,Bandas N°15 x 30 grs color SuperBand,BANDAS ELASTICAS,,1300,,,,120000,caja x 100 unid,,419,TRUE
H1-0420,Bandas N°15 x 50 grs Blanca o Negra SuperBand,BANDAS ELASTICAS,,1700,,,,34800,caja x 24 unid,,420,TRUE
H1-0422,Bandas N°40 Display x 30 grs SuperBand Natural / ambar,BANDAS ELASTICAS,,900,,,9600,45000,5 cajas x 12 unid,x 100: caja x 12 $ 9600,422,TRUE
H1-0423,Bandas N°40 Display x 30 grs SuperBand Colores,BANDAS ELASTICAS,,900,,,9600,45000,5 cajas x 12 unid,x 100: caja x 12 $ 9600,423,TRUE
H1-0424,Bandas N°40 Display x 30 grs SuperBand Fluor,BANDAS ELASTICAS,,900,,,,75000,caja x 100 unid,,424,TRUE
H1-0425,Bandas N°40 Caja x 30 grs SuperBand,BANDAS ELASTICAS,,1000,,,,24000,Caja x 32 unid,,425,TRUE
H1-0426,Bandas N°40 Caja x 60 grs SuperBand,BANDAS ELASTICAS,,1600,,,,41600,caja x 32 unid,,426,TRUE
H1-0427,Bandas N°40 Caja x 150 grs SuperBand,BANDAS ELASTICAS,,3400,,,,48000,caja x 16 unid,,427,TRUE
H1-0428,Bandas N°40 Bolsa x 500 grs SuperBand,BANDAS ELASTICAS,,9200,,,,162000,bulto x 20 unid,,428,TRUE
H1-0429,Bandas N°40 Caja x 500 grs SuperBand,BANDAS ELASTICAS,,10100,,,,90000,bulto x 10 unid,,429,TRUE
H1-0430,Bandas N°40 Bolsa x 500 grs SuperBand Colores,BANDAS ELASTICAS,,9200,,,,162000,bulto x 20 unid,,430,TRUE
H1-0431,Bandas N°40 Caja x 1000 grs FlexiBand,BANDAS ELASTICAS,,18500,,,,160000,bulto x 10 unid,,431,TRUE
H1-0433,Vaso 70 BLANCO,"VASOS, POTES, COPAS",,,800,,6500,102600,caja x 1800 unid,,433,TRUE
H1-0434,Vaso 110 BLANCOS // NATURAL,"VASOS, POTES, COPAS",,,700,,4900,171600,caja x 3900 unid,,434,TRUE
H1-0435,Vaso 180 BLANCOS // NATURAL,"VASOS, POTES, COPAS",,,600,,4500,120000,caja x 3000 unid,,435,TRUE
H1-0436,Vaso 220 BLANCOS // NATURAL,"VASOS, POTES, COPAS",,,700,,5100,138000,caja x 3000 unid,,436,TRUE
H1-0437,Vaso 330 BLANCOS // NATURAL,"VASOS, POTES, COPAS",,,800,,6600,141600,caja x 2400 unid,,437,TRUE
H1-0439,Vaso 500 cc NATURAL Liv ensobrado x 50 unid (plastivas),"VASOS, POTES, COPAS",,300,2000,6500,11700,82400,caja x 800 unid,,439,TRUE
H1-0440,Vaso 800 cc NATURAL liv ensobrado x 50 unid (plastivas),"VASOS, POTES, COPAS",,400,2500,10000,18000,96000,caja x 600 unid,,440,TRUE
H1-0441,Vaso 1000 cc NATURAL Liv ensobrado x 50 unid (plastivas),"VASOS, POTES, COPAS",,400,3000,12000,22000,117000,caja x 600 unid,,441,TRUE
H1-0444,Tapa 95 Externa Natural ( para vaso 500 y pinta),"VASOS, POTES, COPAS",,,2000,,14500,104000,caja x 800 unid,,444,TRUE
H1-0445,Tapa 111 Cristal ( para copa Venecia o Atlantica o vaso 800 o vaso 1000),"VASOS, POTES, COPAS",,,2300,,19000,93500,Caja x 550 unid,,445,TRUE
H1-0446,Tapa 71 interna natural ( para vaso 180),"VASOS, POTES, COPAS",,,,,,,,,446,TRUE
H1-0448,Vaso 110 CRISTAL,"VASOS, POTES, COPAS",,,1000,,7400,85800,caja x 1300 unid,,448,TRUE
H1-0449,Vaso 180 CRISTAL,"VASOS, POTES, COPAS",,,1000,,7800,207000,caja x 3000 unid,,449,TRUE
H1-0450,Vaso 220 CRISTAL,"VASOS, POTES, COPAS",,,1000,,7900,210000,caja x 3000 unid,,450,TRUE
H1-0451,Vaso 330 CRISTAL,"VASOS, POTES, COPAS",,,1200,,10500,218400,caja x 2400 unid,,451,TRUE
H1-0453,Vaso 500 CRISTAL PINTA,"VASOS, POTES, COPAS",,400,2500,11000,20500,148000,Caja x 800 unid,,453,TRUE
H1-0454,Vaso Fernetero (800cc) (tapa 111),"VASOS, POTES, COPAS",,700,5500,26000,50000,133500,Caja x 300 unid,,454,TRUE
H1-0456,Vaso Glam con tapa y sorbete de 1 litro (varios colores lisos y starbags),"VASOS, POTES, COPAS",,5000,22500,,,400000,x 100 unid,x 10: pack x 5 $ 22500,456,TRUE
H1-0458,Pote Plastivas 140 cc con tapa Natural,"VASOS, POTES, COPAS",,,2000,8500,15200,270000,Caja x 2000 unid,,458,TRUE
H1-0459,Pote Plastivas 230 cc (1/4 kg) con tapa Natural,"VASOS, POTES, COPAS",,,2000,8500,15500,135000,caja x 1000 unid,,459,TRUE
H1-0460,Pote Plastivas 270 cc (1/4 kg) con tapa Natural,"VASOS, POTES, COPAS",,,2600,11000,20000,180000,caja x 1000 unid,,460,TRUE
H1-0461,Pote Plastivas 400 cc (1/2 kg) con tapa Natural,"VASOS, POTES, COPAS",,,3000,11500,21000,185000,caja x 1000 unid,,461,TRUE
H1-0462,Pote Plastivas 800 cc (1 kg) con tapa Natural,"VASOS, POTES, COPAS",,,5000,22500,43000,153900,Caja x 405 unid,,462,TRUE
H1-0464,Tapa pote plastivas Natural (cod 88) (tapa toledo),"VASOS, POTES, COPAS",,,1000,4000,7100,63000,caja x 1000 unid,,464,TRUE
H1-0466,Pote Plastivas 140 cc con tapa Cristal,"VASOS, POTES, COPAS",,,3000,13000,24000,420000,Caja x 2000 unid,,466,TRUE
H1-0467,Pote Plastivas 230 cc (1/4 kg) con tapa Cristal,"VASOS, POTES, COPAS",,,3200,13500,25500,230000,caja x 1000 unid,,467,TRUE
H1-0468,Pote Plastivas 270 cc (1/4 kg) con tapa Cristal,"VASOS, POTES, COPAS",,,3500,14000,26000,235000,caja x 1000 unid,,468,TRUE
H1-0469,Pote Plastivas 400 cc (1/2 kg) con tapa Cristal (ensalada de frutas),"VASOS, POTES, COPAS",,,4300,19000,35600,315000,caja x 1000 unid,,469,TRUE
H1-0471,Tapa pote plastivas Cristal (cod 88) (tapa toledo),"VASOS, POTES, COPAS",,,1500,5000,8900,79000,caja x 1000 unid,,471,TRUE
H1-0473,Pote Plastivas 230 cc (1/4 kg) SIN TAPA,"VASOS, POTES, COPAS",,,2500,9000,16500,145000,caja x 1000 unid,,473,TRUE
H1-0475,Pote cotnyl 200 grs. (200 cm3) x 10 unid. / x 50,"VASOS, POTES, COPAS",,,2300,8500,17000,90000,Caja x 600 unid,,475,TRUE
H1-0476,Pote cotnyl 250 grs (275cm3) x 10 unid. / x 50,"VASOS, POTES, COPAS",,,2500,10000,18500,99000,Caja x 600 unid,,476,TRUE
H1-0477,Pote cotnyl 390 grs ( 410 cm3) x 10 unid. / x 50,"VASOS, POTES, COPAS",,,3000,12000,22000,117000,Caja x 600 unid,,477,TRUE
H1-0478,Pote cotnyl 500 grs (510 cm3) x 10 unid. / x 50,"VASOS, POTES, COPAS",,,3000,12000,22500,120000,Caja x 600 unid,,478,TRUE
H1-0480,Pote bisagra Bajo 1135 (zaplast),"VASOS, POTES, COPAS",,,3000,,22000,100000,caja x 500 unid,,480,TRUE
H1-0482,Pote bisagra Bajo (art 3042) ROTHLEN 300 cc,"VASOS, POTES, COPAS",,,3500,,28000,100000,caja x 400 unid,,482,TRUE
H1-0483,Pote bisagra Medio (art 3050) ROTHLEN 400 cc,"VASOS, POTES, COPAS",,,3500,,28000,100000,caja x 400 unid,,483,TRUE
H1-0484,Pote bisagra Alto (art 3071) ROTHLEN 500 cc,"VASOS, POTES, COPAS",,,4000,,35000,113000,caja x 400 unid,,484,TRUE
H1-0486,"Porcion torta Grande plastica tapa bisagra (ZP) (13x9x,65)","VASOS, POTES, COPAS",,400,3000,,26000,115000,caja x 500 unid,,486,TRUE
H1-0488,Copa sidra Koval (150 cc),"VASOS, POTES, COPAS",,,2000,,13000,114000,x 10 cajas x 100,,488,TRUE
H1-0489,Copa Champagne Carina,"VASOS, POTES, COPAS",,,,,,,x 10 cajas,,489,TRUE
H1-0490,Copa Champagne Canciller Ai Cristal,"VASOS, POTES, COPAS",,,6000,,25000,230000,x 10 cajas,x 100: caja x 48 $ 25000,490,TRUE
H1-0492,Vaso whisky facetado Koval,"VASOS, POTES, COPAS",,,,,,,x caja 260 unid.,,492,TRUE
H1-0493,Vaso whisky DegaPlas,"VASOS, POTES, COPAS",,,,,,,x caja 120 unid,,493,TRUE
H1-0494,Vaso Gancia,"VASOS, POTES, COPAS",,,,,,,x caja 250 unid.,,494,TRUE
H1-0496,Vaso Trago Largo Color,"VASOS, POTES, COPAS",,,2000,,18500,20400,Caja x 120 unid,,496,TRUE
H1-0497,"Vaso Trago Largo Lunares, Baby Shower y 1er añito PROMOOO","VASOS, POTES, COPAS",,,1200,,10000,,Caja x 250 unid,,497,TRUE
H1-0498,Vaso Trago Largo Cristal,"VASOS, POTES, COPAS",,,4000,,35000,46500,Caja x 150 unid,,498,TRUE
H1-0499,Vaso Trago Largo Liviano PP,"VASOS, POTES, COPAS",,,2000,,15500,35000,Caja x 250 unid,,499,TRUE
H1-0500,Vaso Trago Largo Dorado/Plateado BanPlast,"VASOS, POTES, COPAS",,,3500,,30500,40500,Caja x 150 unid,,500,TRUE
H1-0501,Vaso Trago Largo FLUOR BanPlast,"VASOS, POTES, COPAS",,,3500,,30500,40500,Caja x 150 unid,,501,TRUE
H1-0503,Vaso GABI (250 cc) Natural PP,"VASOS, POTES, COPAS",,,2500,,,15200,Caja x 80 unid,,503,TRUE
H1-0504,Vaso GABI (250 cc) COLOR PP,"VASOS, POTES, COPAS",,,2500,,,15200,Caja x 80 unid,,504,TRUE
H1-0506,Vaso 100cc cristal Plastivas (shot postre) ensobrado x 50,"VASOS, POTES, COPAS",,,1500,,9400,99600,caja x 1200 unid,,506,TRUE
H1-0508,Vaso 100 Cristal,"VASOS, POTES, COPAS",,,3000,,25000,49680,Caja x 216 unid,,508,TRUE
H1-0509,Copa 100 Cristal (vaso 100 con pie),"VASOS, POTES, COPAS",,,4000,,19500,168000,x 10 cajas x 56,x 100: caja x 56 $ 19500,509,TRUE
H1-0510,Vaso octogonal 200 cristal,"VASOS, POTES, COPAS",,,3500,,30000,40500,Caja x 150 unid,,510,TRUE
H1-0511,Copa 70 degustacion Cristal con pie negro,"VASOS, POTES, COPAS",,,2500,,20000,36000,caja x 200 unid,,511,TRUE
H1-0512,Copa degustacion Valbo (pie rojo/ pie azul),"VASOS, POTES, COPAS",,,650,,5000,,,,512,TRUE
H1-0514,Vaso degustacion 125cc cristal (koval),"VASOS, POTES, COPAS",,,3000,,23000,205000,x 10 cajas x 100 unid,,514,TRUE
H1-0516,Pote redondo cristal con tapa 100 ml,"VASOS, POTES, COPAS",,,5000,,42000,88800,caja x 240 unid,,516,TRUE
H1-0517,Pote Cuadrado cristal con tapa PS 180 cc,"VASOS, POTES, COPAS",,,5300,,48000,103200,caja x 240 unid,,517,TRUE
H1-0519,"Bowl 6 lados paq x 24 unid ( 6,2x5,5x4,7)","VASOS, POTES, COPAS",,,5000,,,,Caja x 8 paq de 24 unid,x 10: paq x 24 unid $ 5000,519,TRUE
H1-0520,"Copa cuadrada sesgada paq x 12 unid (4,7x4,7x7,1)","VASOS, POTES, COPAS",,,3000,,,,caja x 6 paq de 12 unid,x 10: paq x 12 unid $ 3000,520,TRUE
H1-0521,Pote Flor paq x 50 unid,"VASOS, POTES, COPAS",,,,,,,Caja x 8 paq de 40 unid,,521,TRUE
H1-0523,"Vaso shot Degustacion AI Cristal 0,50cc","VASOS, POTES, COPAS",,,500,,4600,9840,Caja x 240 unid,,523,TRUE
H1-0524,Vaso Shot Tequila AI CR 75 cc,"VASOS, POTES, COPAS",,,800,,7700,9800,Caja x 140 unid,,524,TRUE
H1-0525,Vaso Shooter Ai Cristal 50cc,"VASOS, POTES, COPAS",,,600,,,6240,Caja x 120 unid,,525,TRUE
H1-0527,Vaso tequila Cristal 25cc (Plastivas),"VASOS, POTES, COPAS",,,1000,,7600,102000,caja x 1500 unid,,527,TRUE
H1-0529,Pote facetado 210cc cristal koval con tapa/base,"VASOS, POTES, COPAS",,300,2100,,18000,56000,caja x 350 unid,,529,TRUE
H1-0531,Vaso GLASS 240 Plastivas (le va la tapa 80),"VASOS, POTES, COPAS",,,2000,7500,14000,144000,Caja x 1200 unid,,531,TRUE
H1-0533,Tapa 80 interna natural,"VASOS, POTES, COPAS",,,1500,,9000,189600,Caja x 2400 unid,,533,TRUE
H1-0535,Pote Natural Giancarli 185 cc,"VASOS, POTES, COPAS",,,4500,,30000,,Caja x 400 unid,,535,TRUE
H1-0537,Pote degustacion Black 25cc Plastivas con tapa cristal (55C),"VASOS, POTES, COPAS",,,2000,,11000,192000,caja x 2000 unid,,537,TRUE
H1-0538,Pote degustacion Black 40cc Plastivas con tapa natural (63N),"VASOS, POTES, COPAS",,,2000,,12000,136500,Caja x 1300 unid,,538,TRUE
H1-0540,Pote degustacion Natural 55cc Plastivas con tapa (63N),"VASOS, POTES, COPAS",,,2000,,12000,136500,Caja x 1300 unid,,540,TRUE
H1-0541,Pote degustacion Natural 80cc Plastivas con tapa (63N),"VASOS, POTES, COPAS",,,2000,,12000,136500,Caja x 1300 unid,,541,TRUE
H1-0542,Pote degustacion Black 80cc Plastivas con tapa (63N),"VASOS, POTES, COPAS",,,2000,,12000,136500,Caja x 1300 unid,,542,TRUE
H1-0544,Pote degustacion Negro 45cc con tapa cristal (55C),"VASOS, POTES, COPAS",,,2000,,12000,210000,caja x 2000 unid,,544,TRUE
H1-0545,Pote degustacion Natural 45cc con tapa cristal (55C),"VASOS, POTES, COPAS",,,2000,,12000,210000,caja x 2000 unid,,545,TRUE
H1-0547,Tapa 63 natural (para pote degustacion 55 y 80 y vaso 110),"VASOS, POTES, COPAS",,,600,,4100,48100,Caja x 1300 unid,,547,TRUE
H1-0548,Tapa 55 Cristal,"VASOS, POTES, COPAS",,,800,,5000,88000,caja x 2000 unid,,548,TRUE
H1-0550,Copa Atlantica Caliz con pie,"VASOS, POTES, COPAS",,,1500,,,,Caja x 750 unid,,550,TRUE
H1-0551,Copa Venecia Caliz con pie,"VASOS, POTES, COPAS",,,1000,,,,Caja x 552 unid,,551,TRUE
H1-0553,Vaso Mini Toledo cristal (270cc) (usa tapa 88),"VASOS, POTES, COPAS",,,2500,,22800,136000,Caja x 800 unid,x 100: x120 u $ 22800,553,TRUE
H1-0554,Vaso Toledo translucido (325 cc) (usa tapa 88),"VASOS, POTES, COPAS",,,3000,,30600,184000,Caja x 800 unid,x 100: X 120 u $ 30600,554,TRUE
H1-0555,Vaso Milano translucido (370cc) (usa tapa 88),"VASOS, POTES, COPAS",,,4000,,38400,228000,Caja x 800 unid,x 100: X 120 u $ 38400,555,TRUE
H1-0556,Vaso Super Milano (500cc) (usa tapa 95),"VASOS, POTES, COPAS",,,4500,,48000,288000,Caja x 800 unid,x 100: X 120 u $ 48000,556,TRUE
H1-0558,Tapa Domo lisa sin perforar Cristal (88),"VASOS, POTES, COPAS",,,2500,,21000,124000,Caja x 800 unid,x 100: X 120 u $ 21000,558,TRUE
H1-0559,Tapa Domo para cuchara Cristal (88),"VASOS, POTES, COPAS",,,2000,,18000,108000,Caja x 800 unid,x 100: X 120 u $ 18000,559,TRUE
H1-0561,Tapa Domo 95 cristal con perforacion sorbete (para super milano),"VASOS, POTES, COPAS",,,2500,,21000,124000,Caja x 800 unid,x 100: X 120 u $ 21000,561,TRUE
H1-0563,Tapa Domo para cuchara translucido (88),"VASOS, POTES, COPAS",,,2000,,15000,88000,Caja x 800 unid,x 100: X 120 u $ 15000,563,TRUE
H1-0564,Tapa Domo para sorbete translucido (88),"VASOS, POTES, COPAS",,,2000,,18000,108000,Caja x 800 unid,x 100: X 120 u $ 18000,564,TRUE
H1-0566,Tapa vaso termico 180 con respiradero ISOPOR,VASOS TERMICOS Y POLIPAPEL,,,,,,,Caja x 1000 unid,,566,TRUE
H1-0567,Tapa vaso termico 240 con respiradero ISOPOR,VASOS TERMICOS Y POLIPAPEL,,,,,,,Caja x 1000 unid,,567,TRUE
H1-0568,Tapa vaso termico 180 empolex,VASOS TERMICOS Y POLIPAPEL,,,,2500,4600,40000,Caja x 1000 unid,,568,TRUE
H1-0569,Tapa vaso termico 240 empolex,VASOS TERMICOS Y POLIPAPEL,,,,2600,4900,43000,Caja x 1000 unid,,569,TRUE
H1-0570,Tapa vaso termico 300 empolex,VASOS TERMICOS Y POLIPAPEL,,,,2700,5100,45000,Caja x 1000 unid,,570,TRUE
H1-0572,Vaso termico 120 DART (E04),VASOS TERMICOS Y POLIPAPEL,,,2000,3500,5800,50000,Caja x 1000 unid,x 10: x 25 $ 2000,572,TRUE
H1-0573,Vaso termico 180 EMPOLEX (E06),VASOS TERMICOS Y POLIPAPEL,,,2500,4000,7000,60000,Caja x 1000 unid,x 10: x 25 $ 2500,573,TRUE
H1-0574,Vaso termico 240 DART/ EMPOLEX (E08),VASOS TERMICOS Y POLIPAPEL,,,2600,4500,8000,71000,Caja x 1000 unid,x 10: x 25 $ 2600,574,TRUE
H1-0575,Vaso termico 300 Empolex (E010),VASOS TERMICOS Y POLIPAPEL,,,3300,5500,9500,83000,Caja x 1000 unid,x 10: x 25 $ 3300,575,TRUE
H1-0576,Vaso termico 600 DART PROMOOOO,VASOS TERMICOS Y POLIPAPEL,,,3000,,11000,,Caja x 1000 unid,x 10: x 25 $ 3000,576,TRUE
H1-0578,Vaso Polipapel 8 oz (240 cc) (Estisol),VASOS TERMICOS Y POLIPAPEL,,,1300,5500,9400,,Caja x 2000 unid,,578,TRUE
H1-0579,Tapa vaso polipapel 8 oz (240cc) (Estisol),VASOS TERMICOS Y POLIPAPEL,,,600,2200,3700,,Caja x 2000 unid,,579,TRUE
H1-0581,Collarines 8 oz (240cc),VASOS TERMICOS Y POLIPAPEL,,150,1000,3600,6600,59000,Caja x 1000 unid,,581,TRUE
H1-0583,Vaso polipapel 8oz (240cc) Riffle DOBLE PARED negro o marron o blanco,VASOS TERMICOS Y POLIPAPEL,,500,3000,12000,20000,90000,caja x 500 unid,,583,TRUE
H1-0584,Tapa 8oz con pico vertedor negra,VASOS TERMICOS Y POLIPAPEL,,200,1500,4500,8000,70000,caja x 1000 unid,,584,TRUE
H1-0585,Vaso polipapel 12oz (340cc) Riffle DOBLE PARED negro o marron o blanco,VASOS TERMICOS Y POLIPAPEL,,500,4000,15000,28000,120000,caja x 500 unid,,585,TRUE
H1-0586,Tapa 12oz con pico vertedor negra,VASOS TERMICOS Y POLIPAPEL,,300,2000,7000,12000,52500,caja x 500 unid,,586,TRUE
H1-0588,Porta vasos 2 bocas Natural,VASOS TERMICOS Y POLIPAPEL,,400,3000,11000,20000,185000,x 1000 unid,,588,TRUE
H1-0590,Vasos Polipapel PARTY 8oz (240cc) colores lisos vivos y pastel paq x 8 unid,VASOS TERMICOS Y POLIPAPEL,,2000,16000,,,,Caja x 960 unid,,590,TRUE
H1-0592,"Vasos Polipapel Party Hot Stamping 8oz (240cc) lunares brillos metal, etc paq x 8",VASOS TERMICOS Y POLIPAPEL,,2500,20000,,,,Caja x 960 unid,,592,TRUE
H1-0596,Agitadores para trago largo c/ escudo,AGITADOR - ESPADITA -PINCHOS- ESCARBADIENTE- BROCHETTE,,,900,2500,3800,34000,Caja x 1000 unid.,,596,TRUE
H1-0598,Agiradores para café pastico corto cristal,AGITADOR - ESPADITA -PINCHOS- ESCARBADIENTE- BROCHETTE,,1000,,,4400,19500,caja x 5000 unid,Unidad: paq x 100 $ 1000 · x 100: x 1000 $ 4400,598,TRUE
H1-0599,Agiradores para café pastico corto Blanco- negro -colores plenos,AGITADOR - ESPADITA -PINCHOS- ESCARBADIENTE- BROCHETTE,,,,,3800,17000,caja x 5000 unid,x 100: x 1000 $ 3800,599,TRUE
H1-0600,Agitador plastico cristal 14 cm (SUR),AGITADOR - ESPADITA -PINCHOS- ESCARBADIENTE- BROCHETTE,,1000,,,6800,30000,x 5 cajas,Unidad: paq x 100 $1000 · x 100: caja x 750u $ 6800,600,TRUE
H1-0601,Agiradores para café Madera 110mm caja x 500 Iberia (cod 244),AGITADOR - ESPADITA -PINCHOS- ESCARBADIENTE- BROCHETTE,,1200,,,10500,93000,caja x 10 cajas,Unidad: paq x 50 $ 1200 · x 100: caja x500 $ 10500,601,TRUE
H1-0602,Agitador Madera Alumax 11 cm bolsa x 500,AGITADOR - ESPADITA -PINCHOS- ESCARBADIENTE- BROCHETTE,,,,,5000,,,x 100: bolsa x 500 $ 5000,602,TRUE
H1-0603,Agitador Madera Alumax 14 cm bolsa x 500,AGITADOR - ESPADITA -PINCHOS- ESCARBADIENTE- BROCHETTE,,,,,7000,,,x 100: bolsa x 500 $ 7000,603,TRUE
H1-0605,Pinchos para copetin,AGITADOR - ESPADITA -PINCHOS- ESCARBADIENTE- BROCHETTE,,,2000,,6700,29500,caja x 5000 unid,x 10: paq x 80 grs $ 2000 · x 100: x 1000 $ 6700,605,TRUE
H1-0606,Espaditas copetin,AGITADOR - ESPADITA -PINCHOS- ESCARBADIENTE- BROCHETTE,,,2000,,6700,29500,caja x 5000 unid,x 10: paq x 80 grs $ 2000 · x 100: x 1000 $ 6700,606,TRUE
H1-0607,Pinchos Poker,AGITADOR - ESPADITA -PINCHOS- ESCARBADIENTE- BROCHETTE,,,,,9100,40500,caja x 5000 unid,x 100: x 1000 $ 9100,607,TRUE
H1-0609,Pinchos banderita Argentina,AGITADOR - ESPADITA -PINCHOS- ESCARBADIENTE- BROCHETTE,,,1000,4000,6000,25000,Caja x 500 unid,,609,TRUE
H1-0611,Pincho Nudo 12 cm (paq x 100),AGITADOR - ESPADITA -PINCHOS- ESCARBADIENTE- BROCHETTE,,,600,,4500,37000,10 paq x 100 unid,,611,TRUE
H1-0612,Pinchos Panal de Fruta (paq x 24 unid),AGITADOR - ESPADITA -PINCHOS- ESCARBADIENTE- BROCHETTE,,2000,,,,19200,12 paq x 24 unid,,612,TRUE
H1-0613,Pinchos Sombrilla ( paq x 12 unid),AGITADOR - ESPADITA -PINCHOS- ESCARBADIENTE- BROCHETTE,,2000,,,,40800,24 paq x 12 unid,,613,TRUE
H1-0614,Pinchos perla 12 cm ( paq x 50 unid),AGITADOR - ESPADITA -PINCHOS- ESCARBADIENTE- BROCHETTE,,3200,,,,28000,10 paq x 50 und,,614,TRUE
H1-0616,Pinchos madera 10 cm Iberia,AGITADOR - ESPADITA -PINCHOS- ESCARBADIENTE- BROCHETTE,,,1000,2200,8000,71000,caja x 10 paq de 200 unid,x 100: x 200 u $ 8000,616,TRUE
H1-0617,Pinchos madera 15 cm Iberia,AGITADOR - ESPADITA -PINCHOS- ESCARBADIENTE- BROCHETTE,,,1000,2200,8000,71000,caja x 10,x 100: x 200 u $ 8000,617,TRUE
H1-0618,Pinchos carne cocida (well) 9 cm,AGITADOR - ESPADITA -PINCHOS- ESCARBADIENTE- BROCHETTE,,,,1500,,,,,618,TRUE
H1-0620,Escarbadientes x 500 unid. IBERIA,AGITADOR - ESPADITA -PINCHOS- ESCARBADIENTE- BROCHETTE,,2000,,,,160000,Caja x 100 unid,,620,TRUE
H1-0621,Escarbadientes x 500 unid. PROMO Party store,AGITADOR - ESPADITA -PINCHOS- ESCARBADIENTE- BROCHETTE,,1600,,,,140000,Caja x 100 unid,,621,TRUE
H1-0623,Escarbadientes barrilito acrilico x 100 Party store PROMO,AGITADOR - ESPADITA -PINCHOS- ESCARBADIENTE- BROCHETTE,,700,6000,,,,,x 10: x 12 $ 6000,623,TRUE
H1-0625,Escarbadientes ensobrados de a 1 x 500 unid IBERIA,AGITADOR - ESPADITA -PINCHOS- ESCARBADIENTE- BROCHETTE,,6500,,,,259200,Caja x 48 unid,,625,TRUE
H1-0627,Escarbadientes barrilito (Iberia / Dos Picos) 18 barriles x 50 unid,AGITADOR - ESPADITA -PINCHOS- ESCARBADIENTE- BROCHETTE,,500,8000,,,171600,x 24 Blisters de 18 unid,x 10: blister x 18 $ 8000,627,TRUE
H1-0629,Escarbadientes en caja x 100 unid (Banplast),AGITADOR - ESPADITA -PINCHOS- ESCARBADIENTE- BROCHETTE,,1000,,,,,,,629,TRUE
H1-0631,Palitos brochette 25 cm x 25 unid IBERIA,AGITADOR - ESPADITA -PINCHOS- ESCARBADIENTE- BROCHETTE,,1200,,,,52500,caja x 50 paq,,631,TRUE
H1-0632,Palitos brochette 25 cm x 100 unid IBERIA,AGITADOR - ESPADITA -PINCHOS- ESCARBADIENTE- BROCHETTE,,1500,13000,,,115000,caja x 100 paq,,632,TRUE
H1-0633,Palitos brochette 25 cm x 80 unid,AGITADOR - ESPADITA -PINCHOS- ESCARBADIENTE- BROCHETTE,,1500,13000,,,115000,caja x 100,,633,TRUE
H1-0634,Palitos brochette 15 cm x 80 unid aprox,AGITADOR - ESPADITA -PINCHOS- ESCARBADIENTE- BROCHETTE,,1000,8000,,,70000,caja x 100,,634,TRUE
H1-0637,Mini tenedor blanco o cristal COLONO,CUBIERTOS,,,300,,2000,13000,caja x 1000 unid,,637,TRUE
H1-0639,Tenedores Blanco o Cristal,CUBIERTOS,,,500,,3000,22000,Caja 1000 unid.,,639,TRUE
H1-0640,Cuchillos Blanco o Cristal,CUBIERTOS,,,500,,3000,22000,Caja 1000 unid.,,640,TRUE
H1-0641,Cuchara sopera Blanca o Cristal,CUBIERTOS,,,600,,4000,32000,Caja x 1000 unid,,641,TRUE
H1-0643,Tenedores King (super ref),CUBIERTOS,,,,,4000,36000,Caja 1000 unid.,,643,TRUE
H1-0644,Cuchillos King (super ref),CUBIERTOS,,,,,4000,36000,Caja 1000 unid.,,644,TRUE
H1-0646,Cuchara CONCAVA transparente,CUBIERTOS,,1500,,,13000,55000,Caja 5 kg,Unidad: 100g $ 1500 · x 100: x kg $ 13000,646,TRUE
H1-0648,Cuchara Postre Sundae Blanca (Colono),CUBIERTOS,,,,1200,16000,145000,x 10 cajas,x 100: caja x 1000 $ 16000,648,TRUE
H1-0649,Cuchara Postre Sundae Pastel (Colono),CUBIERTOS,,,,1500,19500,180000,x 10 cajas,x 100: caja x 1000 $ 19500,649,TRUE
H1-0650,Cuchara Postre Sundae Pastel (Clauser),CUBIERTOS,,,,,16500,150000,x 10 cajas,x 100: caja x 100 $ 16500,650,TRUE
H1-0652,Sundae plateada/ doradas y pasteles fraccionadas x 50 unid,CUBIERTOS,,,,2800,,24000,caja x 500 unid,,652,TRUE
H1-0654,Cucharas madera Iberia (110x24mm) cod 3174,CUBIERTOS,,,1000,,7000,62000,caja x 10 cajas de 100,,654,TRUE
H1-0655,Cucharas madera Iberia (160x34mm) cod 3172,CUBIERTOS,,,1500,,9500,84000,caja x 10 cajas de 100,,655,TRUE
H1-0657,Platos chico octogonal (DGP) paq x 12 unid,PLATOS Y BOWLS,,,3600,,,38400,caja x 120 unid.,x 10: x 12 $ 3600,657,TRUE
H1-0658,Platos chico octogonal Koval (colores: B/N/R/V/A),PLATOS Y BOWLS,,,4500,,,40000,caja x 100 unid.,,658,TRUE
H1-0659,Plato grande octogonal Koval (colores: B/N/R/V/A),PLATOS Y BOWLS,,,5500,,,49000,caja x 100 unid.,,659,TRUE
H1-0661,Plato blanco 17 cm BanPlast,PLATOS Y BOWLS,,,,4200,,76000,bulto x 1000 unid,,661,TRUE
H1-0662,Plato Color 17 cm BanPlast,PLATOS Y BOWLS,,,,5300,,94000,bulto x 1000 unid,,662,TRUE
H1-0663,Plato Color Pastel 17 cm BanPlast,PLATOS Y BOWLS,,,,5300,,94000,bulto x 1000 unid,,663,TRUE
H1-0664,Plato Color Pastel SURTIDO 17 cm BanPlast,PLATOS Y BOWLS,,,,5300,,,,,664,TRUE
H1-0665,"Plato Color DORADO, PLATEAD y COBRE 17 cm BanPlast",PLATOS Y BOWLS,,,,5300,,94000,bulto x 1000 unid,,665,TRUE
H1-0667,Plato Blanco 22 cm BanPlast (Paq x50),PLATOS Y BOWLS,,,,,,,Bulto x 1000 unid,,667,TRUE
H1-0668,Plato Dorado 22 cm BanPlast (paq x 25),PLATOS Y BOWLS,,400,3000,6000,,106000,Bulto x 500 unid,x 50: x25 $ 6000,668,TRUE
H1-0669,Plato Pastel 22 cm BanPlast (paq x 25),PLATOS Y BOWLS,,400,3000,6000,,106000,Bulto x 500 unid,x 50: x25 $ 6000,669,TRUE
H1-0671,Plato postre 16 cm Blanco Plastivas,PLATOS Y BOWLS,,,1000,3900,,68000,Bulto x 1000 unid,,671,TRUE
H1-0672,Plato comida 21 cm Blanco Plastivas,PLATOS Y BOWLS,,,,7700,,108800,Bulto x 800 unid,,672,TRUE
H1-0674,Plato cuadrado chico Fluor y Negro,PLATOS Y BOWLS,,,1500,,,,caja x 150 unid,x 10: x 25 u $ 1500,674,TRUE
H1-0676,Plato/ Bandeja Ovalada Blanco/ Negro BanPLast,PLATOS Y BOWLS,,500,10000,,,105600,caja x 300 unid,x 10: x25 u $ 10000,676,TRUE
H1-0677,Plato/ Bandeja Ovalada Color BanPLast,PLATOS Y BOWLS,,600,11000,,,108000,caja x 300 unid,x 10: x 25 u $ 11000,677,TRUE
H1-0679,"Porta torta Giratoria 28 cm ( blanco, rosa, celeste)",PLATOS Y BOWLS,,12000,,,,105000,x 100 unid,,679,TRUE
H1-0681,Compotera Cristal / Black 200cc Plastivas ( le va la tapa 111),PLATOS Y BOWLS,,400,3000,,21000,104500,Caja x 550 unid,,681,TRUE
H1-0682,Compotera / Bowl cristal grande 480cc ( plastivas) (le va la tapa 135),PLATOS Y BOWLS,,500,3500,,29000,104000,caja x 400 unid,,682,TRUE
H1-0684,Tapa 135 cristal (para compotera 480cc),PLATOS Y BOWLS,,300,2500,,19500,68000,caja x 400 unid,,684,TRUE
H1-0686,Compoteras colores pastel y dorada (paq x 25 unid),PLATOS Y BOWLS,,400,2500,,4600,80000,bulto x 20 paq (500 unid),x 100: paq x 25 $ 4600,686,TRUE
H1-0688,Bowl Chico Cristal (diametro 12),PLATOS Y BOWLS,,1500,11000,,21000,95000,x 5 cajas,x 100: caja x 24 $ 21000,688,TRUE
H1-0690,Bowl Chico PP Natural (diametro 12),PLATOS Y BOWLS,,1100,9000,,18000,80000,x 5 cajas,x 100: caja x 24 $ 18000,690,TRUE
H1-0691,Bowl Chico PP Color (diametro 12),PLATOS Y BOWLS,,1200,10000,,20000,90000,x 5 cajas,x 100: caja x 24 $ 20000,691,TRUE
H1-0693,Bowl Mediano Cristal (diametro 15),PLATOS Y BOWLS,,,,,,,x 5 cajas,x 100: caja x 12 $,693,TRUE
H1-0695,Bowl Mediano PP Natural (diametro 15),PLATOS Y BOWLS,,,,,,,x 5 cajas,x 100: caja x 12 $,695,TRUE
H1-0696,Bowl Mediano PP Color (diametro 15),PLATOS Y BOWLS,,,,,,,x 5 cajas,x 100: caja x 12 $,696,TRUE
H1-0698,Bowl Ocotogonal Koval,PLATOS Y BOWLS,,,3000,,,,caja x 1000 unid.,,698,TRUE
H1-0701,"Manteles descartables Plasticos Premium (varios colores) 1,20 x 1,80 mts (60mc)","MANTELES, PLATOS DE SITIO, POSA VASOS Y PORTA CUBIERTOS",,2000,,,,90000,x 50 unid,,701,TRUE
H1-0702,"Manteles plasticos Terlizzi (1,20x2,00 mts)","MANTELES, PLATOS DE SITIO, POSA VASOS Y PORTA CUBIERTOS",,2500,,,,110000,x 50 unid,,702,TRUE
H1-0704,Manteles friselina lavables LISOS,"MANTELES, PLATOS DE SITIO, POSA VASOS Y PORTA CUBIERTOS",,2000,,,,,x 100,,704,TRUE
H1-0705,Manteles friselina lavables a LUNARES o ESTAMPADOS,"MANTELES, PLATOS DE SITIO, POSA VASOS Y PORTA CUBIERTOS",,2300,,,,,x 100,,705,TRUE
H1-0706,Manteles friselina lavables DISNEY,"MANTELES, PLATOS DE SITIO, POSA VASOS Y PORTA CUBIERTOS",,3000,,,,,x 100,,706,TRUE
H1-0707,Manteles friselina lavables LAMINADO,"MANTELES, PLATOS DE SITIO, POSA VASOS Y PORTA CUBIERTOS",,4000,,,,,x 100,,707,TRUE
H1-0709,Mantel friselina de unicornio o Caminito,"MANTELES, PLATOS DE SITIO, POSA VASOS Y PORTA CUBIERTOS",,2000,,,,,,,709,TRUE
H1-0711,Manteles restorante individuales kraft x 200,"MANTELES, PLATOS DE SITIO, POSA VASOS Y PORTA CUBIERTOS",,,,,4200,,bulto x 10 paq $ 36700,x 100: paq x 200 $4200,711,TRUE
H1-0713,Mantel friselina Navideño,"MANTELES, PLATOS DE SITIO, POSA VASOS Y PORTA CUBIERTOS",,6000,,,,,,,713,TRUE
H1-0715,Platos de sitio (pack x 20 unid) (PLT),"MANTELES, PLATOS DE SITIO, POSA VASOS Y PORTA CUBIERTOS",,8000,73000,,,650000,x 100 packs,,715,TRUE
H1-0716,Individuales Rectangulares (pack x 20 unid (PLT),"MANTELES, PLATOS DE SITIO, POSA VASOS Y PORTA CUBIERTOS",,8000,73000,,,650000,x 100 packs,,716,TRUE
H1-0717,Porta cubiertos de papel Kraft (pack x 12 unid),"MANTELES, PLATOS DE SITIO, POSA VASOS Y PORTA CUBIERTOS",,5500,50000,,,450000,x 100 packs,,717,TRUE
H1-0718,Posa vasos de papel Kraft (pack x 12 unid),"MANTELES, PLATOS DE SITIO, POSA VASOS Y PORTA CUBIERTOS",,4500,37000,,,330000,x 100 packs,,718,TRUE
H1-0720,Platos de Sitio (pack x 12 unid) (grupo Cp),"MANTELES, PLATOS DE SITIO, POSA VASOS Y PORTA CUBIERTOS",,5000,47000,,,420000,x 100 packs,,720,TRUE
H1-0722,"Bandejas expandido 615 MULTIESPUMA CAPUTO ( 26,5 x 13,5 cm)",BANDEJAS TERGOPOL,,300,2000,7000,12000,44000,Bulto x 400 unid,,722,TRUE
H1-0723,"Bandejas expandido 617 MULTIESPUMA CAPUTO (14 x 15,5 cm)",BANDEJAS TERGOPOL,,200,1000,4000,7000,55800,Bulto x 900 unid,,723,TRUE
H1-0724,"Bandejas expandido 618 MULTIESPUMA CAPUTO (14,5 x 19,5 cm)",BANDEJAS TERGOPOL,,200,1200,5000,8800,31200,Bulto x 400 unid,,724,TRUE
H1-0725,Bandejas expandido 619 MULTIESPUMA CAPUTO (19 x 23 cm),BANDEJAS TERGOPOL,,300,2000,8000,14500,50000,Bulto x 400 unid,,725,TRUE
H1-0726,Bandejas expandido 621 MULTIESPUMA CAPUTO (14 x 19 cm),BANDEJAS TERGOPOL,,200,1200,5000,9000,48000,Bulto x 600 unid,,726,TRUE
H1-0727,Bandejas expandido 625 GP o NUEVA,BANDEJAS TERGOPOL,,,,,,,Bulto x 200 unid,,727,TRUE
H1-0728,Bandejas expandido 625 MULTIESPUMA CAPUTO (20 x 29 cm),BANDEJAS TERGOPOL,,500,3500,13000,24000,43000,Bulto x 200 unid,,728,TRUE
H1-0729,"Bandejas expandido 628 MULTIESPUMA CAPUTO (diametro 31,5 cm)",BANDEJAS TERGOPOL,,600,4000,16000,30500,54000,Bulto x 200 unid,,729,TRUE
H1-0731,"Oblea 618 (14,5 x 19,5 cm)",BANDEJAS TERGOPOL,,300,1500,5000,9000,48000,Bulto x 600 unid,,731,TRUE
H1-0732,"Oblea 619 (18 x 22,5 cm)",BANDEJAS TERGOPOL,,300,2000,7000,12000,66000,Bulto x 600 unid,,732,TRUE
H1-0734,Bandejas expandido 617 Economico (cep sl) (14 x 14 cm),BANDEJAS TERGOPOL,,100,600,2500,4100,14400,Bulto x 400 unid,,734,TRUE
H1-0735,"Bandejas expandido 628 Economico (cep sl) (diametro 31,8)",BANDEJAS TERGOPOL,,300,2500,9500,17500,32000,Bulto x 200 unid,,735,TRUE
H1-0737,"Estuche Hamburguesa (15,5x16x9)",BANDEJAS TERGOPOL,,500,3000,12000,21500,38000,Bulto x 200 unid,,737,TRUE
H1-0739,Cazuela expandido K63,BANDEJAS TERGOPOL,,300,2000,6500,12000,42000,Bulto x 400 unid,,739,TRUE
H1-0740,Cazuela 250 (pote termico 250 bandex),BANDEJAS TERGOPOL,,300,2000,6500,12000,54000,Bulto x 600 unid,,740,TRUE
H1-0742,Plato termico Isopor/Estisol con tapa (1000 cc),BANDEJAS TERGOPOL,,,,,,,caja x 147 unid,,742,TRUE
H1-0743,Plato termico marmita ovalado 1000 cc (PROMO LIMITADA),BANDEJAS TERGOPOL,,1000,7000,30000,52000,80500,caja x 175 unid,,743,TRUE
H1-0744,Plato termico (Marmita) diam 187mm PSE,BANDEJAS TERGOPOL,,1000,7000,30000,52000,138000,caja x 300 unid,,744,TRUE
H1-0745,"Plato termico Biodegradable redonda ( 21,4x10cm) ( sirve p/ horno y microondas)",BANDEJAS TERGOPOL,,1100,9000,40000,75000,268000,Caja x 400 unid,,745,TRUE
H1-0747,Rollo p.v.c. Film MAGIC 30 cm x 600 mts,FILM- MANTECA -ALUMINIO,,27500,,,,210000,x 10 cajas,,747,TRUE
H1-0748,Rollo p.v.c. Film MAGIC 38 cm x 600 mts,FILM- MANTECA -ALUMINIO,,33000,,,,265000,x 10 cajas,,748,TRUE
H1-0749,Rollo p.v.c. Film MAGIC 45 cm x 600 mts,FILM- MANTECA -ALUMINIO,,38500,,,,330000,x 10 cajas,,749,TRUE
H1-0751,RESINITE 30 cm x 1000 mts Reales con faja seguridad,FILM- MANTECA -ALUMINIO,,59000,,,,520000,x 10 cajas,,751,TRUE
H1-0752,RESINITE 38 cm x 1000 mts Reales con faja seguridad,FILM- MANTECA -ALUMINIO,,75000,,,,670000,x 10 cajas,,752,TRUE
H1-0753,RESINITE 45 cm x 1000 mts Reales con faja seguridad,FILM- MANTECA -ALUMINIO,,89000,,,,790000,x 10 cajas,,753,TRUE
H1-0755,Rollo p.v.c. Film 30 cm x 30 metros,FILM- MANTECA -ALUMINIO,,1000,8600,,,24000,Caja x 30 unid,,755,TRUE
H1-0757,Film ROLOPAC x 100 mts Cutter box ( caja para cortar),FILM- MANTECA -ALUMINIO,,5400,,,,,caja x 9 unid,,757,TRUE
H1-0759,Rollo p.v.c. Film 38 cm x 100 metros (liviano eco),FILM- MANTECA -ALUMINIO,,4700,,,,82000,caja x 20 unid,,759,TRUE
H1-0760,Rollo p.v.c. Film 38 cm x 150 metros (PRO),FILM- MANTECA -ALUMINIO,,6200,,,,88000,Caja x 16 unid,,760,TRUE
H1-0761,"Rollo p.v.c. Film 38 cm x 300 metros ""reales""",FILM- MANTECA -ALUMINIO,,10000,,,,144000,Caja x 16 unid,,761,TRUE
H1-0762,Rollo p.v.c. Film 38 cm x 300 metros sello Rojo (Basualdo),FILM- MANTECA -ALUMINIO,,,,,,,caja x 6 unid,,762,TRUE
H1-0764,Rollo Film 45 cm x 100 mts (MdF) (cajon frutero),FILM- MANTECA -ALUMINIO,,4500,,,,57000,Caja x 15 unid,,764,TRUE
H1-0765,Rollo Film 45 cm x 300 mts (MdF) ( cajon frutero),FILM- MANTECA -ALUMINIO,,12000,,,,,Caja x 15 unid,,765,TRUE
H1-0767,Rollo aluminio x 4 metros (MdF),FILM- MANTECA -ALUMINIO,,,,,,,Caja x 36 unid,,767,TRUE
H1-0768,Rollo aluminio x 5 metros (Ger ) PROMOOOO,FILM- MANTECA -ALUMINIO,,800,6600,,,21240,caja x 36 unid,,768,TRUE
H1-0769,Rollo aluminio x 5 metros (Hornal),FILM- MANTECA -ALUMINIO,,1100,9100,,,28800,Caja x 36 unid,,769,TRUE
H1-0770,Rollo aluminio x 1/2 kg. (Ger) PROMOOO,FILM- MANTECA -ALUMINIO,,6000,,,,81600,Caja x 16 unid,,770,TRUE
H1-0771,Rollo aluminio x 1/2 kg. (MdF),FILM- MANTECA -ALUMINIO,,7000,,,,94500,caja x 15 unid,,771,TRUE
H1-0772,Rollo aluminio x 1/2 kg. (Hornal),FILM- MANTECA -ALUMINIO,,7500,,,,100500,caja x 15 unid,,772,TRUE
H1-0773,Rollo aluminio x 1 kg. HORNAL,FILM- MANTECA -ALUMINIO,,13000,,,,172500,Caja x 15 unid,,773,TRUE
H1-0774,Rollo aluminio x 1 kg. (MdF),FILM- MANTECA -ALUMINIO,,11000,,,,142500,Caja x 15 unid,,774,TRUE
H1-0775,Rollo aluminio x 1 kg. (Ger) PROMOOO (18 mc 23 mts aprox),FILM- MANTECA -ALUMINIO,,9000,,,,96000,caja x 12 unid,,775,TRUE
H1-0777,Rollo papel manteca x 4 metros (MdF),FILM- MANTECA -ALUMINIO,,,,,,,Caja x 36 unid,,777,TRUE
H1-0778,Rollo papel manteca x chico (Ger),FILM- MANTECA -ALUMINIO,,1000,8500,,,27000,Caja x 36 unid,,778,TRUE
H1-0779,Rollo papel manteca x 5 metros ROLOPAC en caja (promo hasta agotar),FILM- MANTECA -ALUMINIO,,2000,18000,,,,,,779,TRUE
H1-0780,Rollo papel manteca x 1/2 kg (MdF),FILM- MANTECA -ALUMINIO,,4800,,,,63000,Caja x 15 unid,,780,TRUE
H1-0781,Rollo papel manteca x 1/2 kg (Hornal),FILM- MANTECA -ALUMINIO,,7500,,,,66500,Caja x 10 unid,,781,TRUE
H1-0782,Rollo papel manteca x 1 kg (now) PROMOOO,FILM- MANTECA -ALUMINIO,,9000,,,,80000,Caja x 10 unid,,782,TRUE
H1-0783,Rollo papel manteca x 1 kg (G) PROMOOO,FILM- MANTECA -ALUMINIO,,6500,,,,57000,Caja x 10 unid,,783,TRUE
H1-0784,Rollo papel manteca x 1 kg (MdF),FILM- MANTECA -ALUMINIO,,,,,,,Caja x 10 unid,,784,TRUE
H1-0785,Rollo papel manteca x 1 kg (Hornal),FILM- MANTECA -ALUMINIO,,,,,,,Caja x 10 unid,,785,TRUE
H1-0787,Expendedor de Film con rollo de 300 mts.,FILM- MANTECA -ALUMINIO,,11700,,,,,,,787,TRUE
H1-0788,Expendedor de Papel Manteca con rollo de 40mts.,FILM- MANTECA -ALUMINIO,,14000,,,,,,,788,TRUE
H1-0789,Expendedor de Aluminio con rollo de 1 kg,FILM- MANTECA -ALUMINIO,,10000,,,,,,,789,TRUE
H1-0791,Porta film/ aluminio/ manteca LIPARI,FILM- MANTECA -ALUMINIO,,51000,,,,450000,x 10 unid,,791,TRUE
H1-0793,Pirotines Nro. 3 x 1000 unid,PIROTINES,,,,,,6500,Caja x 1000 unid,,793,TRUE
H1-0794,Pirotines Nro. 4 x 1000 unid.,PIROTINES,,,,,,6500,Caja x 1000 unid,,794,TRUE
H1-0795,Pirotines Nro. 5 x 1000 unid.,PIROTINES,,,,,,6500,Caja x 1000 unid,,795,TRUE
H1-0796,Pirotines Nro. 6 x 1000 unid.,PIROTINES,,,,,,6500,Caja x 1000 unid,,796,TRUE
H1-0797,Pirotines Nro. 7 x 1000 unid.,PIROTINES,,,,,,11000,Caja x 1000 unid,,797,TRUE
H1-0798,Pirotines Nro. 8 x 1000 unid.,PIROTINES,,,,,,12000,Caja x 1000 unid,,798,TRUE
H1-0799,Pirotines Nro. 9 x 1000 unid.,PIROTINES,,,,,,13500,Caja x 1000 unid,,799,TRUE
H1-0800,Pirotines Nro. 10 x 1000 unid.,PIROTINES,,,,,,21600,Caja x 1000 unid,,800,TRUE
H1-0801,Pirotines Nro. 11 x 1000 unid.,PIROTINES,,,,,,22300,Caja x 1000 unid,,801,TRUE
H1-0803,Pirotin N5 Blanco a granel,PIROTINES,,200,800,,,,,x 10: x 5 cap $ 800,803,TRUE
H1-0804,Pirotin N5 Kraft 45 grs (100 capuchones x 10 ),PIROTINES,,200,1000,,,5500,caja x 1000 unid,,804,TRUE
H1-0806,Pirotin N8 Kraft 45 grs (100 capuchones x 10 ),PIROTINES,,200,1000,,,7500,caja x 1000 unid,,806,TRUE
H1-0808,Pirotin Nª 8 (CONV.) capuchon x 25 unid (caja x 40 capuchones),PIROTINES,,400,3000,,,15000,Caja x 1000 unid,,808,TRUE
H1-0809,Pirotin Nº8 MoldPack caja x50 capuchones x 10 unid BLANCOS (500),PIROTINES,,300,2000,,,8000,Caja x 500 unid,,809,TRUE
H1-0810,Pirotin Nº8 MoldPack caja x50 capuchones x 10 unid FANTASIA / pastel (500),PIROTINES,,400,3000,,,12500,Caja x 500 unid,,810,TRUE
H1-0811,Pirotin Nº8 MoldPack caja x50 capuchones x 10 unid LISOSS (500),PIROTINES,,400,3000,,,12500,Caja x 500 unid,,811,TRUE
H1-0813,Pirotines Nro 9 estampados x 25 unid .ANDY (caja x 40 capuchones),PIROTINES,,300,2500,,,,Caja x 1000 unid,,813,TRUE
H1-0815,Pirotines Nro 10 estampados x 25 unid Conv.y tp (caja x 40 cap),PIROTINES,,800,7100,,,24000,Caja x 1000 unid,,815,TRUE
H1-0816,Pirotines Nro 10 lisos o lunares x 25 unid Conv. Y tp (caja x 40 cap),PIROTINES,,800,7100,,,24000,Caja x 1000 unid,,816,TRUE
H1-0817,Pirotines Nro 10 Blanco x 25 unid Conv. Y tp (caja x 40 cap),PIROTINES,,800,6000,,,19000,Caja x 1000 unid,,817,TRUE
H1-0819,Pirotin N°10 Mold pack CAJA 34 cap x 15 unid (510 unid) PROMO Mes Surtido!!,PIROTINES,,,,,,15000,Caja x 500 unid,,819,TRUE
H1-0820,Pirotin N°10 Mold pack CAJA 34 cap x 15 unid (510 unid),PIROTINES,,800,6000,,,18000,Caja x 500 unid,,820,TRUE
H1-0821,Pirotin N°10 Mold pack CAJA 34 cap x 15 unid (510 unid) BLANCOOOO,PIROTINES,,500,4000,,,13000,Caja x 510 unid,,821,TRUE
H1-0822,Pirotin N°10 Mold pack CAJA 34 cap x 15 unid (510 unid) KRAFT,PIROTINES,,500,3400,,,13000,Caja x 510 unid,,822,TRUE
H1-0823,Pirotin N°10 Mold pack CAJA 34 cap x 15 unid (510 unid) PASTEL,PIROTINES,,800,6000,,,18000,Caja x 500 unid,,823,TRUE
H1-0824,Pirotin N°10 Mold pack CAJA 14 cap x 15 unid ((210 unid) FLUOR,PIROTINES,,1200,,,,18000,caja x 210 unid,,824,TRUE
H1-0825,Pirotin N°10 Mold pack CAJA 17 cap x 15 unid ((255 unid) FUTBOL,PIROTINES,,800,6000,,,8500,caja x 255,,825,TRUE
H1-0826,Pirotin N°10 Mold pack CAJA 17 cap x 15 unid ((255 unid) ARGENTINA,PIROTINES,,800,7000,,,9500,caja x 255,,826,TRUE
H1-0828,Pirotin N° 8 Metalizados MoldPack x 10 unid,PIROTINES,,1000,8400,,,14800,Caja x 200,,828,TRUE
H1-0829,Pirotin N° 10 Metalizados MoldPack x 10 unid,PIROTINES,,1200,10500,,,18100,Caja x 200,,829,TRUE
H1-0831,Pirotin N10 importados,PIROTINES,,500,3500,,18500,165000,x 10 pack,x 100: x 72 unid $18500,831,TRUE
H1-0833,Molde cupcake rectangular Papel,PIROTINES,,300,2200,8500,15000,135000,x1000,,833,TRUE
H1-0834,Molde cupcake rectangular interior Metal dorado,PIROTINES,,400,2500,9500,17000,150000,x1000,,834,TRUE
H1-0835,Molde cupcake rectangular Metalizado,PIROTINES,,400,2700,10500,19000,170000,x1000,,835,TRUE
H1-0837,Molde Cupcakes redondo interior Metal dorado,PIROTINES,,300,2000,6000,11000,95000,x1000,,837,TRUE
H1-0838,Molde cupcakes redondo Metal,PIROTINES,,400,2500,7000,13000,115000,x1000,,838,TRUE
H1-0840,Molde cupcakes cuadrado papel,PIROTINES,,300,2200,8500,15000,135000,x1000,,840,TRUE
H1-0841,Molde cupcakes cuadrado interior Metal dorado,PIROTINES,,400,2500,9500,17000,150000,x1000,,841,TRUE
H1-0844,Tulipas N16 colores lisos (presentacio x 50),PIROTINES,,200,1000,4500,8000,70000,x 1000,,844,TRUE
H1-0845,"Tulipas N16 colores pastel, lunares dorados (presentacion x 25)",PIROTINES,,400,3000,6500,23200,208000,x 1000,x 50: caja x 25 $6500,845,TRUE
H1-0846,Tulipas N16 caja x 200 unid (8 colores surtidos),PIROTINES,,,,,18500,165000,x 10 cajas,x 100: xcaja 200 $ 18500,846,TRUE
H1-0847,Tulipas N16 Diseño Futbol ARGENTINA,PIROTINES,,200,1500,,8500,76000,x 100 unid,,847,TRUE
H1-0849,Tarteleta / Capelinas,PIROTINES,,100,800,,6000,53000,x 1000,,849,TRUE
H1-0851,Pirotin N°4 Marron o Color (Capuchon x 20 unid),PIROTINES,,250,2000,,,,Caja x 1000 unid,,851,TRUE
H1-0853,Pirotin ORO N°5 Milano Pequeño,PIROTINES,,,,,,,,,853,TRUE
H1-0854,Pirotin ORO N°5 Milano Grande,PIROTINES,,,,,,,,,854,TRUE
H1-0857,Pirotin Nª 10 Metalizado (CONVIDA) capuchon x 10 unid,PIROTINES,,300,,,,,Caja x 300 unid,,857,TRUE
H1-0858,Pirotin Nª 8 Metalizado (CONVIDA) capuchon x 10 unid,PIROTINES,,250,,,,,Caja x 300 unid,,858,TRUE
H1-0860,Pan dulce x 100 grs. Fantasia,MOLDES DE PAN DULCE - ROSCA -BUDIN- FREIDORA,,,1500,,10000,90000,caja x 1000 unid,,860,TRUE
H1-0861,Pan dulce x 1/4 fantasia,MOLDES DE PAN DULCE - ROSCA -BUDIN- FREIDORA,,,1700,,11500,100000,caja x 1000 unid,,861,TRUE
H1-0862,Pan dulce x 1/2 fantasia,MOLDES DE PAN DULCE - ROSCA -BUDIN- FREIDORA,,,2000,,13500,120000,caja x 1000 unid,,862,TRUE
H1-0863,Pan dulce x 3/4 fantasia,MOLDES DE PAN DULCE - ROSCA -BUDIN- FREIDORA,,,2000,,15000,135000,caja x 1000 unid,,863,TRUE
H1-0864,Pan dulce x 1/1 fantasia,MOLDES DE PAN DULCE - ROSCA -BUDIN- FREIDORA,,,2500,,15600,140000,caja x 1000 unid,,864,TRUE
H1-0866,Pan Dulce 100 grs Impreso Diseños,MOLDES DE PAN DULCE - ROSCA -BUDIN- FREIDORA,,,2000,,12500,110000,caja x 1000 unid,,866,TRUE
H1-0867,Pan Dulce 250 grs Impreso Diseños,MOLDES DE PAN DULCE - ROSCA -BUDIN- FREIDORA,,,2000,,14000,125000,caja x 1000 unid,,867,TRUE
H1-0868,Pan Dulce 500 grs Impreso Diseños,MOLDES DE PAN DULCE - ROSCA -BUDIN- FREIDORA,,,2500,,,,caja x 1000 unid,,868,TRUE
H1-0869,Pan Dulce 1 Kg grs Impreso Diseños,MOLDES DE PAN DULCE - ROSCA -BUDIN- FREIDORA,,,3000,,19000,170000,caja x 1000 unid,,869,TRUE
H1-0871,Molde pan dulce Aluminio 1/2 kg (135x90mm),MOLDES DE PAN DULCE - ROSCA -BUDIN- FREIDORA,,400,3000,,27000,,caja x 600 unid,,871,TRUE
H1-0872,Molde pan dulce Aluminio 1 kg (175x92mm),MOLDES DE PAN DULCE - ROSCA -BUDIN- FREIDORA,,500,4200,,39000,,caja x 600 unid,,872,TRUE
H1-0874,"Budinera papel de 150 grs (13,5x5x4)",MOLDES DE PAN DULCE - ROSCA -BUDIN- FREIDORA,,300,2000,,16500,145000,caja x 1000 unid,,874,TRUE
H1-0875,"Budinera papel de 250 grs (18,5x5x4)",MOLDES DE PAN DULCE - ROSCA -BUDIN- FREIDORA,,300,2500,,17000,150000,caja x 1000 unid,,875,TRUE
H1-0876,"Budineras papel 300 grs (18,5x5x5)",MOLDES DE PAN DULCE - ROSCA -BUDIN- FREIDORA,,400,2500,,18000,160000,caja x 1000 unid,,876,TRUE
H1-0877,Budineras papel 500 grs (18x8x6),MOLDES DE PAN DULCE - ROSCA -BUDIN- FREIDORA,,400,3000,,23000,210000,caja x 1000 unid,,877,TRUE
H1-0879,"Mini Budin papel 2,8x8,7 cm (varios colores y doradas) (caja x 3cap x 10unid)",MOLDES DE PAN DULCE - ROSCA -BUDIN- FREIDORA,,,1000,,2500,21000,x 10 cajas,x 100: caja x 30 u $ 2500,879,TRUE
H1-0881,Budinera aluminio mini (individual) R9,MOLDES DE PAN DULCE - ROSCA -BUDIN- FREIDORA,,200,1500,,10000,135000,caja x 1500 unid,,881,TRUE
H1-0882,Budineras aluminio AB 30 (Chica) (350cc),MOLDES DE PAN DULCE - ROSCA -BUDIN- FREIDORA,,300,1900,,16500,174000,caja x 1200 unid,,882,TRUE
H1-0883,Budineras aluminio AB 60 (R8) estándar (470cc) (190x60x50mm),MOLDES DE PAN DULCE - ROSCA -BUDIN- FREIDORA,,300,2000,,17000,150000,Caja x 1000 unid,,883,TRUE
H1-0884,"Budinera aluminio R4 (27,5x10x5,7)",MOLDES DE PAN DULCE - ROSCA -BUDIN- FREIDORA,,600,4500,,39000,69000,Caja x 200 unid,,884,TRUE
H1-0886,"Molde mini budin Aluminio con tapa (amarillo, celeste, negro, rosa) (16x6x3(6) aprox)",MOLDES DE PAN DULCE - ROSCA -BUDIN- FREIDORA,,2000,18000,,,160000,caja x 100 unid,,886,TRUE
H1-0888,Molde Para Bizcochuelo 13 x 5 cm alto,MOLDES DE PAN DULCE - ROSCA -BUDIN- FREIDORA,,400,2500,,19000,170000,caja x 1000 unid,,888,TRUE
H1-0889,Molde Para Bizcochuelo 16 x 4 cm alto,MOLDES DE PAN DULCE - ROSCA -BUDIN- FREIDORA,,400,2500,,21000,185000,caja x 1000 unid,,889,TRUE
H1-0890,Molde Para Bizcochuelo 18 cm,MOLDES DE PAN DULCE - ROSCA -BUDIN- FREIDORA,,400,3000,,22500,200000,caja x 1000 unid,,890,TRUE
H1-0891,Molde Para Bizcochuelo 20 cm,MOLDES DE PAN DULCE - ROSCA -BUDIN- FREIDORA,,400,3000,,23500,210000,caja x 1000 unid,,891,TRUE
H1-0892,Molde Para Bizcochuelo 22 cm,MOLDES DE PAN DULCE - ROSCA -BUDIN- FREIDORA,,400,3000,,25000,220000,caja x 1000 unid,,892,TRUE
H1-0893,Molde Para Bizcochuelo 24 cm,MOLDES DE PAN DULCE - ROSCA -BUDIN- FREIDORA,,400,3500,,29000,255000,caja x 1000 unid,,893,TRUE
H1-0894,Molde Para Bizcochuelo 26 cm,MOLDES DE PAN DULCE - ROSCA -BUDIN- FREIDORA,,500,3500,,31500,280000,caja x 1000 unid,,894,TRUE
H1-0896,Bandeja rigida para freidora de aire 12 cm pack x 10 unid,MOLDES DE PAN DULCE - ROSCA -BUDIN- FREIDORA,,2000,18000,,,155000,bulto x 100 pack,,896,TRUE
H1-0897,"Bandeja rigida para freidora de aire 16,5 cm pack x 10 unid",MOLDES DE PAN DULCE - ROSCA -BUDIN- FREIDORA,,2500,22000,,,195000,bulto x 100 pack,,897,TRUE
H1-0898,"Bandeja rigida para freidora de aire 18,5 cm pack x 10 unid",MOLDES DE PAN DULCE - ROSCA -BUDIN- FREIDORA,,3200,30000,,,265000,bulto x 100 pack,,898,TRUE
H1-0899,Bandeja rigida para freidora de aire Combo x 30 unid,MOLDES DE PAN DULCE - ROSCA -BUDIN- FREIDORA,,6300,,,,555000,bulto x 100 pack,,899,TRUE
H1-0901,Molde freidora 16 cm x 45,MOLDES DE PAN DULCE - ROSCA -BUDIN- FREIDORA,,200,1500,4900,,43000,bulto x 10 pack de 50,,901,TRUE
H1-0902,Molde freidora 20 cm x 45,MOLDES DE PAN DULCE - ROSCA -BUDIN- FREIDORA,,300,2000,5900,,52000,bulto x 10 pack de 50,,902,TRUE
H1-0904,Molde rosca N° 18,MOLDES DE PAN DULCE - ROSCA -BUDIN- FREIDORA,,400,3000,,25500,230000,caja x 1000 unid,,904,TRUE
H1-0905,Molde rosca N° 20,MOLDES DE PAN DULCE - ROSCA -BUDIN- FREIDORA,,500,3500,,27000,240000,caja x 1000 unid,,905,TRUE
H1-0906,Molde rosca N° 22,MOLDES DE PAN DULCE - ROSCA -BUDIN- FREIDORA,,500,3500,,28000,250000,caja x 1000 unid,,906,TRUE
H1-0907,Molde rosca N° 24,MOLDES DE PAN DULCE - ROSCA -BUDIN- FREIDORA,,500,4000,,32500,290000,caja x 1000 unid,,907,TRUE
H1-0908,Molde Rosca N° 26,MOLDES DE PAN DULCE - ROSCA -BUDIN- FREIDORA,,600,4500,,37500,330000,caja x 1000 unid,,908,TRUE
H1-0910,Torta / Savarin Impreso Nª20,MOLDES DE PAN DULCE - ROSCA -BUDIN- FREIDORA,,600,4000,,36000,320000,x 1000 unid,,910,TRUE
H1-0911,Torta / Savarin Impreso Nª24,MOLDES DE PAN DULCE - ROSCA -BUDIN- FREIDORA,,700,5000,,41000,360000,x 1000 unid,,911,TRUE
H1-0913,Bandejas aluminio Nro. P-12,BANDEJAS DE ALUMINIO,,300,2000,,17000,,,,913,TRUE
H1-0914,Bandejas aluminio Nro. P-14 (G),BANDEJAS DE ALUMINIO,,300,2000,,17000,120000,Caja x 800 unid,,914,TRUE
H1-0915,Bandejas aluminio Nro. P-15,BANDEJAS DE ALUMINIO,,300,2000,,15000,162000,Caja x 1200 unid,,915,TRUE
H1-0916,Bandejas aluminio Nro. P-17 (G),BANDEJAS DE ALUMINIO,,300,2000,,16000,126000,Caja x 900 unid,,916,TRUE
H1-0917,Bandejas aluminio Nro. P-20,BANDEJAS DE ALUMINIO,,300,2300,,18000,96000,Caja x 600 unid,,917,TRUE
H1-0918,Bandejas aluminio Nro.P-21 (G),BANDEJAS DE ALUMINIO,,500,3000,,23000,60000,Caja x 300 unid,,918,TRUE
H1-0919,Bandejas aluminio Nro. P-23,BANDEJAS DE ALUMINIO,,400,3000,,24500,66000,Caja x 300 unid,,919,TRUE
H1-0920,Bandejas aluminio Nro. P-26,BANDEJAS DE ALUMINIO,,600,4000,,31000,84000,Caja x 300 unid,,920,TRUE
H1-0921,Bandejas aluminio Nro. P-30,BANDEJAS DE ALUMINIO,,700,5000,,44000,58500,Caja x 150 unid,,921,TRUE
H1-0922,Bandejas aluminio Nro. P-33,BANDEJAS DE ALUMINIO,,800,6000,,56000,75000,Caja x 150 unid,,922,TRUE
H1-0926,Flanera H-7 (V120),BANDEJAS ALUMINIO,,300,2000,,13500,180000,Caja x 1500 unid,,926,TRUE
H1-0927,Flanera H-9 (V130),BANDEJAS ALUMINIO,,200,1300,,9000,120000,Caja x 1500 unid,,927,TRUE
H1-0928,Flanera H-10 (V230) (250cm3),BANDEJAS ALUMINIO,,300,2000,,13000,69000,Caja x 600 unid,,928,TRUE
H1-0930,Bandejas F-50 (R2) 480cc (158x117x40),BANDEJAS ALUMINIO,,300,2000,7500,13500,96000,Caja x 800 unid,,930,TRUE
H1-0931,Tapa F-50,BANDEJAS ALUMINIO,,200,1000,4500,8100,60000,Caja x 800 unid,,931,TRUE
H1-0933,Bandejas F-75 (R3) 700cc (180x135x48mm),BANDEJAS ALUMINIO,,300,2000,8500,16000,116000,Caja x 800 unid,,933,TRUE
H1-0934,Tapa F-75,BANDEJAS ALUMINIO,,200,1500,6000,11000,76000,Caja x 800 unid,,934,TRUE
H1-0936,Bandejas F-100 (B5) 1000cc (220x160x45mm),BANDEJAS ALUMINIO,,400,3000,12500,23000,61500,Caja x 300 unid,,936,TRUE
H1-0937,Tapa F-100,BANDEJAS ALUMINIO,,300,2000,8000,15000,40500,Caja x 300 unid,,937,TRUE
H1-0939,Bandejas F-200 (B4) 2000cc (315x215x50mm),BANDEJAS ALUMINIO,,800,6000,27000,51000,67500,Caja x 150 unid,,939,TRUE
H1-0940,Tapa F-200,BANDEJAS ALUMINIO,,400,3500,15000,28000,37500,Caja x 150 unid,,940,TRUE
H1-0942,Bandeja de aluminio Ovalada de 4000 ML,BANDEJAS ALUMINIO,,1900,17500,,,155000,x 100,,942,TRUE
H1-0943,Bandeja de aluminio Rctangulara de 4000 ML,BANDEJAS ALUMINIO,,1900,17500,,,155000,x 100,,943,TRUE
H1-0945,Marmita aluminio con tapa (plato tipo hondo) (850ml),BANDEJAS ALUMINIO,,200,1500,11000,20000,,x 10 cajas x 100 unid,,945,TRUE
H1-0947,"Bolsa Nro 1 x 100 (7x17x4,5)",BOLSAS PAPEL AMERICANA SULFITO (50grs),,,,,1300,24000,Bulto x 2000 unid,,947,TRUE
H1-0948,"Bolsa Nro. 2l x 100 (9,5x23,5x4,5)",BOLSAS PAPEL AMERICANA SULFITO (50grs),,,,,1800,30000,Bulto x 2000 unid,,948,TRUE
H1-0949,"Bolsa Nro. 3 x 100 (11x23,5x4,5)",BOLSAS PAPEL AMERICANA SULFITO (50grs),,,,,1900,34000,Bulto x 2000 unid,,949,TRUE
H1-0950,Bolsa Nro. 4 x 100 ( 12x28x6),BOLSAS PAPEL AMERICANA SULFITO (50grs),,,,,2300,20000,Bulto x 1000 unid,,950,TRUE
H1-0951,"Bolsa Nro. 4a x 100 (14,5x23,5x6)",BOLSAS PAPEL AMERICANA SULFITO (50grs),,,,,2300,40000,Bulto x 2000 unid,,951,TRUE
H1-0952,Bolsa Nro. 5 x 100 (12x33x6),BOLSAS PAPEL AMERICANA SULFITO (50grs),,,,,2600,23000,Bulto x 1000 unid,,952,TRUE
H1-0953,"Bolsa Nro. 6l x 100 (14,5x36x6)",BOLSAS PAPEL AMERICANA SULFITO (50grs),,,,,3000,27000,Bulto x 1000 unid,,953,TRUE
H1-0954,Bolsa Nro. 7 x 100 (18x36x6),BOLSAS PAPEL AMERICANA SULFITO (50grs),,,,,3700,33000,Bulto x 1000 unid,,954,TRUE
H1-0955,Bolsa Nro. 8 x 100 (18x44x6),BOLSAS PAPEL AMERICANA SULFITO (50grs),,,,,4900,43000,Bulto x 1000 unid,,955,TRUE
H1-0957,Bolsa Nro 0 x 100,BOLSAS PAPEL AMERICANA KRAFF (50 grs),,,,,1200,20000,Bulto x 2000 unid,,957,TRUE
H1-0958,"Bolsa Nro 1 x 100 (7x17x4,5)",BOLSAS PAPEL AMERICANA KRAFF (50 grs),,,,,1300,24000,Bulto x 2000 unid,,958,TRUE
H1-0959,"Bolsa Nro. 2 x 100 (9x17,5x4,5)",BOLSAS PAPEL AMERICANA KRAFF (50 grs),,,,,1500,26000,Bulto x 2000 unid,,959,TRUE
H1-0960,"Bolsa Nro. 2l x 100 (9x17,5x5)",BOLSAS PAPEL AMERICANA KRAFF (50 grs),,,,,1600,28000,Bulto x 2000 unid,,960,TRUE
H1-0961,"Bolsa Nro. 3 x 100 (11x23,5x4,5)",BOLSAS PAPEL AMERICANA KRAFF (50 grs),,,,,1800,16000,Bulto x 1000 unid,,961,TRUE
H1-0962,"Bolsa Nro. 3L x 100 (11x28x4,5) (provisoria)",BOLSAS PAPEL AMERICANA KRAFF (50 grs),,,,,2000,18000,Bulto x 1000 unid,,962,TRUE
H1-0963,Bolsa Nro. 4 x 100 ( 12x28x6),BOLSAS PAPEL AMERICANA KRAFF (50 grs),,,,,2100,19000,Bulto x 1000 unid,,963,TRUE
H1-0964,"Bolsa Nro. 4a x 100 (14,5x23,5x6)",BOLSAS PAPEL AMERICANA KRAFF (50 grs),,,,,2300,19000,Bulto x 1000 unid,,964,TRUE
H1-0965,Bolsa Nro. 5 x 100 (12x33x6),BOLSAS PAPEL AMERICANA KRAFF (50 grs),,,,,2400,21000,Bulto x 1000 unid,,965,TRUE
H1-0966,"Bolsa Nro. 6l x 100 (14,5x36x6)",BOLSAS PAPEL AMERICANA KRAFF (50 grs),,,,,2900,26000,Bulto x 1000 unid,,966,TRUE
H1-0967,Bolsa Nro. 7 x 100 (18x36x6),BOLSAS PAPEL AMERICANA KRAFF (50 grs),,,,,3400,30000,Bulto x 1000 unid,,967,TRUE
H1-0968,Bolsa Nro. 8 x 100 (18x44x6),BOLSAS PAPEL AMERICANA KRAFF (50 grs),,,,,4500,39000,Bulto x 1000 unid,,968,TRUE
H1-0969,SOBRES FANTASIA,BOLSAS PAPEL AMERICANA KRAFF (50 grs),,,,,,3,Cantidad x Bulto,Unidad: X unid. · x 10: x 10 unid. · x 50: X 50 unid · x 100: X 100 unid.,969,TRUE
H1-0970,7 x 22 Fantasia,BOLSAS PAPEL AMERICANA KRAFF (50 grs),,,,,1900,33200,Bulto x 2000,,970,TRUE
H1-0971,7x10 Fantasia,BOLSAS PAPEL AMERICANA KRAFF (50 grs),,,,,,,Bulto x 3000,,971,TRUE
H1-0972,9 x 15 Fantasia,BOLSAS PAPEL AMERICANA KRAFF (50 grs),,,,,1600,28000,Bulto x 2000,,972,TRUE
H1-0973,12 x 18 Fantasia,BOLSAS PAPEL AMERICANA KRAFF (50 grs),,,,,2300,40000,Bulto x 2000,,973,TRUE
H1-0974,14 x 21 Fantasia,BOLSAS PAPEL AMERICANA KRAFF (50 grs),,,,,2500,44000,Bulto x 2000,,974,TRUE
H1-0975,15 x 25 Fantasia,BOLSAS PAPEL AMERICANA KRAFF (50 grs),,,,,2900,52000,Bulto x 2000,,975,TRUE
H1-0976,20 x 29 Fantasia,BOLSAS PAPEL AMERICANA KRAFF (50 grs),,,,,4000,35100,Bulto x 1000,,976,TRUE
H1-0977,25 x 31 Fantasia,BOLSAS PAPEL AMERICANA KRAFF (50 grs),,,,,5750,51000,Bulto x 1000,,977,TRUE
H1-0978,25 x 35 Fantasia,BOLSAS PAPEL AMERICANA KRAFF (50 grs),,,,,6250,55000,Bulto x 1000,,978,TRUE
H1-0979,27 x 37 Fantasia,BOLSAS PAPEL AMERICANA KRAFF (50 grs),,,,,7000,31000,Bulto x 500,,979,TRUE
H1-0980,29 x 39 Fantasia,BOLSAS PAPEL AMERICANA KRAFF (50 grs),,,,,8050,35500,Bulto x 500,,980,TRUE
H1-0981,37 x 45 Fantasia,BOLSAS PAPEL AMERICANA KRAFF (50 grs),,,,,11400,50500,Bulto x 500,,981,TRUE
H1-0983,N°0 9x13 paq x 50 MURESCO con adhesivo PROMOOO,BOLSAS PAPEL AMERICANA KRAFF (50 grs),,,,3000,,,bulto x 1000,,983,TRUE
H1-0984,N°3 14x21 paq x 50 MURESCO con adhesivo PROMOOO,BOLSAS PAPEL AMERICANA KRAFF (50 grs),,,,4000,,,bulto x 1000,,984,TRUE
H1-0985,N°6 24x30 paq x 50 MURESCO con adhesivo PROMOOO,BOLSAS PAPEL AMERICANA KRAFF (50 grs),,,,6000,,,bulto x 1000,,985,TRUE
H1-0987,7 x 10 Linea Dorada,BOLSAS PAPEL AMERICANA KRAFF (50 grs),,,250,,1500,,,,987,TRUE
H1-0988,9 x 15 Linea Dorada,BOLSAS PAPEL AMERICANA KRAFF (50 grs),,,300,,1750,,,,988,TRUE
H1-0989,12 x 18 Linea Dorada,BOLSAS PAPEL AMERICANA KRAFF (50 grs),,,400,,2500,,,,989,TRUE
H1-0990,14 x 21 Linea Dorada,BOLSAS PAPEL AMERICANA KRAFF (50 grs),,,400,,2600,,,,990,TRUE
H1-0991,25 x 31 Linea Dorada,BOLSAS PAPEL AMERICANA KRAFF (50 grs),,,700,,6000,,,,991,TRUE
H1-0994,"Sobres premium c/ adhesivo Murillo FSC-1 (11,4x16,2)",BOLSAS PAPEL AMERICANA KRAFF (50 grs),,50,300,,2300,20000,Caja x 1000 unid,,994,TRUE
H1-0995,Sobres premium c/ adhesivo Murillo FSC-1 (19x24),BOLSAS PAPEL AMERICANA KRAFF (50 grs),,100,600,,5000,22500,Caja x 500 Unid,,995,TRUE
H1-0996,Sobres premium c/ adhesivo Murillo FSC-1 (25x35),BOLSAS PAPEL AMERICANA KRAFF (50 grs),,150,1000,,8750,40000,Caja x 500 Unid,,996,TRUE
H1-0998,Bandejas redonda plastica con blonda x 24 cm,BANDEJAS PLASTICAS BLANCA CON BLONDA,,900,7200,,,126000,caja x 200 unid,,998,TRUE
H1-0999,Bandejas redonda plastica con blonda x 27 cm,BANDEJAS PLASTICAS BLANCA CON BLONDA,,1100,9000,,,120000,caja x 150 unid,,999,TRUE
H1-1000,Bandejas redonda plastica con blonda x 30 cm,BANDEJAS PLASTICAS BLANCA CON BLONDA,,1200,10500,,,93000,caja x 100 unid,,1000,TRUE
H1-1001,Bandejas redonda plastica con blonda x 33 cm,BANDEJAS PLASTICAS BLANCA CON BLONDA,,1700,15600,,,138000,caja x 100 unid,,1001,TRUE
H1-1002,Bandejas redonda plastica con blonda x 36 cm,BANDEJAS PLASTICAS BLANCA CON BLONDA,,2400,22000,,,195000,caja x 100 unid,,1002,TRUE
H1-1004,Bandejas rectangular plastica con blonda de 1/2 KG,BANDEJAS PLASTICAS BLANCA CON BLONDA,,800,6500,,,258750,caja x 450 unid,,1004,TRUE
H1-1005,Bandejas rectangular plastica con blonda de 1 KG,BANDEJAS PLASTICAS BLANCA CON BLONDA,,1400,12500,,,220000,caja x 200 unid,,1005,TRUE
H1-1006,Bandejas rectangular plastica con blonda de 2 KG,BANDEJAS PLASTICAS BLANCA CON BLONDA,,2100,19000,,,167000,caja x 100 unid,,1006,TRUE
H1-1007,Bandejas rectangular plastica con blonda de 3 KG,BANDEJAS PLASTICAS BLANCA CON BLONDA,,3100,29000,,,255000,caja x 100 unid,,1007,TRUE
H1-1008,Bandejas rectangular plastica con blonda de 5 KG,BANDEJAS PLASTICAS BLANCA CON BLONDA,,5500,54000,,,62000,caja x 40 unid,,1008,TRUE
H1-1010,Discos de carton Gris 20 / 22 / 24 / 26 cm / 28 cm / 31 cm x Kg,DISCOS DORADOS REFORZADOS,,3000,,,,27000,x 10 Kilos,,1010,TRUE
H1-1012,Disco dorado 8 cm,DISCOS DORADOS REFORZADOS,,,1200,,10000,90000,x 1000 unid,,1012,TRUE
H1-1013,Disco dorado 10 cm,DISCOS DORADOS REFORZADOS,,,1500,,12000,105000,x 1000 unid,,1013,TRUE
H1-1014,Disco dorado 10 cm con pestaña,DISCOS DORADOS REFORZADOS,,,1500,,12000,105000,x 1000 unid,,1014,TRUE
H1-1015,Disco dorado 12 cm,DISCOS DORADOS REFORZADOS,,,1600,,14000,125000,x 1000 unid,,1015,TRUE
H1-1016,Disco dorado 14 cm,DISCOS DORADOS REFORZADOS,,,2100,,19000,170000,x 1000 unid,,1016,TRUE
H1-1017,Disco dorado 16 cm,DISCOS DORADOS REFORZADOS,,,2500,,23000,200000,x 1000 unid,,1017,TRUE
H1-1018,Disco dorado 16 cm con pestaña,DISCOS DORADOS REFORZADOS,,,2700,,26000,220000,x 1000 unid,,1018,TRUE
H1-1019,Disco dorado 18 cm,DISCOS DORADOS REFORZADOS,,,2900,,27000,240000,x 1000 unid,,1019,TRUE
H1-1020,Disco dorado 20 cm,DISCOS DORADOS REFORZADOS,,,3600,,34500,310000,x 1000 unid,,1020,TRUE
H1-1021,Disco dorado 22 cm,DISCOS DORADOS REFORZADOS,,,3800,,36000,320000,x 1000 unid,,1021,TRUE
H1-1022,Disco dorado 24 cm,DISCOS DORADOS REFORZADOS,,,5000,,48500,430000,x 1000 unid,,1022,TRUE
H1-1023,Disco dorado 26 cm,DISCOS DORADOS REFORZADOS,,,6700,,65200,580000,x 1000 unid,,1023,TRUE
H1-1024,Disco dorado 28 cm,DISCOS DORADOS REFORZADOS,,,6900,,67000,600000,x 1000 unid,,1024,TRUE
H1-1026,Disco Metalizado ORO/PLATA 10 cm,DISCOS DORADOS REFORZADOS,,,2100,,,,,,1026,TRUE
H1-1027,Disco Metalizado ORO/PLATA 15 cm,DISCOS DORADOS REFORZADOS,,,2500,,,,,,1027,TRUE
H1-1028,Disco Metalizado ORO/PLATA 20 cm,DISCOS DORADOS REFORZADOS,,,3600,,,,,,1028,TRUE
H1-1031,Base disco 6 cm Negro / Blanco,DISCOS DORADOS REFORZADOS,,200,1200,,,,,,1031,TRUE
H1-1033,Disco Gota/ Circulo carton rigido 10 cm Negro/Blanco y redondo DP,DISCOS DORADOS REFORZADOS,,400,2800,,,25000,x 100 unid,,1033,TRUE
H1-1034,Disco Gota/ Circulo carton rigido 13 cm Negro/Blanco DP,DISCOS DORADOS REFORZADOS,,600,4000,,,35000,x 100 unid,,1034,TRUE
H1-1035,Disco Gota/Circulo carton rigido 18 cm Negro/Blanco DP,DISCOS DORADOS REFORZADOS,,1100,9000,,,80000,x 100 unid,,1035,TRUE
H1-1036,Disco Gota/Circulo carton rigido 25 cm Negro/Blanco DP,DISCOS DORADOS REFORZADOS,,1800,16000,,,145000,x 100 unid,,1036,TRUE
H1-1037,Disco Gota carton rigido 27 cm Negro/Blanco DP,DISCOS DORADOS REFORZADOS,,2300,21500,,,190000,x 100 unid,,1037,TRUE
H1-1038,Disco Gota Carton rigido 29 cm Negro/Blanco DP,DISCOS DORADOS REFORZADOS,,2700,25500,,,225000,x 100 unid,,1038,TRUE
H1-1040,Disco Fibrofacil (madera) Blanca redonda 25 cm,DISCOS DORADOS REFORZADOS,,2300,21500,,,,x 100 unid,,1040,TRUE
H1-1041,Disco Fibrofacil (madera) Blanca cuadrada 25x25,DISCOS DORADOS REFORZADOS,,2300,21500,,,,x 100 unid,,1041,TRUE
H1-1042,Disco Fibrofacil (madera) Blanca redonda 30 cm,DISCOS DORADOS REFORZADOS,,2300,21500,,,,x 100 unid,,1042,TRUE
H1-1044,Base Rectangular Rigida 12x17 (P/ caja desayuno chica) Blanca y Negra,DISCOS DORADOS REFORZADOS,,600,4500,,,40000,x 100 unid,,1044,TRUE
H1-1045,Base Rectangular Rigida 21x17 (P/ caja desayuno mediana) Blanca y Negra,DISCOS DORADOS REFORZADOS,,1000,8500,,,75000,x 100 unid,,1045,TRUE
H1-1046,Base Rectangular Rigida 21x28 (P/ caja desayuno grande) Blanca y Negra,DISCOS DORADOS REFORZADOS,,1600,14500,,,130000,x 100 unid,,1046,TRUE
H1-1047,Base Rectangular Rigida 24x31 (P/ caja desayuno XL) Blanca y Negra,DISCOS DORADOS REFORZADOS,,2300,21500,,,190000,x 100 unid,,1047,TRUE
H1-1049,Base Rigida cuadrada 5x5 Blanco / Negro,DISCOS DORADOS REFORZADOS,,200,1200,,,,,,1049,TRUE
H1-1050,Base Rigida cuadrada 10x10 Blanco,DISCOS DORADOS REFORZADOS,,250,2300,10500,,19000,x 100 unid,,1050,TRUE
H1-1051,Base rigida cuadrada 25x25 Blanca o negra,DISCOS DORADOS REFORZADOS,,1500,13000,60000,,107000,x 100 unid,,1051,TRUE
H1-1052,Base rigida cuadrada 29x29 Blanca o negra,DISCOS DORADOS REFORZADOS,,2100,20000,95000,,168000,x 100 unid,,1052,TRUE
H1-1054,"Base Lingote Chico 9,5x24x5 Blanca o negra",DISCOS DORADOS REFORZADOS,,700,5600,,,50000,x 100 unid,,1054,TRUE
H1-1055,Base Lingote Grande 15x30x5 Blanca o negra,DISCOS DORADOS REFORZADOS,,1300,11000,,,100000,x 100 unid,,1055,TRUE
H1-1057,Disco Super Rigido 3mm Luisito (blanco) 20 cm,DISCOS DORADOS REFORZADOS,,1000,8000,37500,,67000,x 100 unid,,1057,TRUE
H1-1058,Disco Super Rigido 3mm Luisito (blanco) 25 cm,DISCOS DORADOS REFORZADOS,,1300,11000,,,97000,x 100 unid,,1058,TRUE
H1-1059,Disco Super Rigido 3mm Luisito (blanco) 30 cm,DISCOS DORADOS REFORZADOS,,1900,17200,,,150000,x 100 unid,,1059,TRUE
H1-1060,Disco Super Rigido 3mm Luisito (blanco) 35 cm,DISCOS DORADOS REFORZADOS,,2100,19000,90000,,160000,x 100 unid,,1060,TRUE
H1-1062,Disco Semi Rigido 1mm Luisito (blanco) 20 cm,DISCOS DORADOS REFORZADOS,,800,6000,23500,,42000,x 100 unid,,1062,TRUE
H1-1063,Disco Semi Rigido 1 mm Luisito (blanco) 25 cm,DISCOS DORADOS REFORZADOS,,900,7500,32000,,57000,x 100 unid,,1063,TRUE
H1-1064,Disco Semi Rigido 1 mm Luisito (blanco) 30 cm,DISCOS DORADOS REFORZADOS,,1200,10500,46000,,81000,x 100 unid,,1064,TRUE
H1-1066,Base A4 BLANCA Super Rigida 3mm 30x21,DISCOS DORADOS REFORZADOS,,1300,11000,,,100000,x 100 unid,,1066,TRUE
H1-1068,Cuadrado metalizado dorado 8x8,DISCOS DORADOS REFORZADOS,,,1100,,9500,80000,x 1000 unid,,1068,TRUE
H1-1069,Cuadrado metalizado dorado 10x10,DISCOS DORADOS REFORZADOS,,,1400,,12000,105000,x 1000 unid,,1069,TRUE
H1-1070,Cuadrado metalizado dorado 10x10 con solapa,DISCOS DORADOS REFORZADOS,,,1400,,12000,105000,x 1000 unid,,1070,TRUE
H1-1071,Cuadrado metalizado dorado 12x12,DISCOS DORADOS REFORZADOS,,,1600,,14000,125000,x 1000 unid,,1071,TRUE
H1-1072,Cuadrado metalizado dorado 14x14,DISCOS DORADOS REFORZADOS,,,2000,,18500,165000,x 1000 unid,,1072,TRUE
H1-1073,Cuadrado metalizado dorado 16x16,DISCOS DORADOS REFORZADOS,,,2800,,26500,235000,x 1000 unid,,1073,TRUE
H1-1074,Cuadrado metalizado dorado 18x18,DISCOS DORADOS REFORZADOS,,,3400,,32000,280000,x 1000 unid,,1074,TRUE
H1-1075,Cuadrado metalizado dorado 20x20,DISCOS DORADOS REFORZADOS,,,4500,,43000,380000,x 1000 unid,,1075,TRUE
H1-1077,Rectangulo dorado con pestaña 10x15 cm,DISCOS DORADOS REFORZADOS,,,2200,,20000,175000,x 1000 unid,,1077,TRUE
H1-1080,Plato Sol 20 cm,PLATOS SOL DORADO Y METALIZADO,,500,3500,,,31000,x 10 pack de 10 unid,,1080,TRUE
H1-1081,Plato Sol 22 cm,PLATOS SOL DORADO Y METALIZADO,,500,3600,,,32000,x 10 pack de 10 unid,,1081,TRUE
H1-1082,Plato Sol 24 cm,PLATOS SOL DORADO Y METALIZADO,,600,4900,,,43000,x 10 pack de 10 unid,,1082,TRUE
H1-1083,Plato Sol 26 cm,PLATOS SOL DORADO Y METALIZADO,,800,6600,,,58000,x 10 pack de 10 unid,,1083,TRUE
H1-1084,Plato Sol 28 cm,PLATOS SOL DORADO Y METALIZADO,,800,6800,,,60000,x 10 pack de 10 unid,,1084,TRUE
H1-1085,Plato Sol 30 cm,PLATOS SOL DORADO Y METALIZADO,,900,7000,,,62000,x 10 pack de 10 unid,,1085,TRUE
H1-1086,Plato Sol 34 cm,PLATOS SOL DORADO Y METALIZADO,,1100,9700,,,86000,x 10 pack de 10 unid,,1086,TRUE
H1-1090,Plato Sol 20 cm,PLATOS SOL PASTELES / BLANCO,,800,6500,,,58000,x 10 pack de 10 unid,,1090,TRUE
H1-1091,Plato Sol 24 cm,PLATOS SOL PASTELES / BLANCO,,900,7000,,,62000,x 10 pack de 10 unid,,1091,TRUE
H1-1092,Plato Sol 26 cm,PLATOS SOL PASTELES / BLANCO,,1000,8500,,,75000,x 10 pack de 10 unid,,1092,TRUE
H1-1093,Plato Sol 30 cm,PLATOS SOL PASTELES / BLANCO,,1300,11300,,,100000,x 10 pack de 10 unid,,1093,TRUE
H1-1096,Bandeja Dorada 1/4 kg (14x17),BANDEJAS CARTON DORADAS,,400,2500,,21000,36000,x 200 unid,,1096,TRUE
H1-1097,"Bandeja Dorada 1/2 kg (18,5x22,5)",BANDEJAS CARTON DORADAS,,600,4000,15500,,54000,x 200 unid,,1097,TRUE
H1-1098,Bandeja Dorada 1 kg ( 24x31),BANDEJAS CARTON DORADAS,,700,5500,23000,,80000,x 200 unid,,1098,TRUE
H1-1099,Bandeja Dorada 2 kg (28x35),BANDEJAS CARTON DORADAS,,900,7500,34000,,120000,x 200 unid,,1099,TRUE
H1-1100,Bandeja Dorada 3 kg (33x41),BANDEJAS CARTON DORADAS,,1100,9000,42000,,150000,x 200 unid,,1100,TRUE
H1-1101,Bandeja Dorada 5 kg,BANDEJAS CARTON DORADAS,,3100,,,,56000,x 20 unid,,1101,TRUE
H1-1103,Bandeja Dorada 18 cm,BANDEJAS CARTON DORADAS,,600,4000,16000,,56000,x 200 unid,,1103,TRUE
H1-1104,Bandeja Dorada 20 cm,BANDEJAS CARTON DORADAS,,600,4300,16500,,58000,x 200 unid,,1104,TRUE
H1-1105,Bandeja Dorada 22 cm,BANDEJAS CARTON DORADAS,,600,4500,17000,,60000,x 200 unid,,1105,TRUE
H1-1106,Bandeja Dorada 24 cm,BANDEJAS CARTON DORADAS,,700,5000,19000,,68000,x 200 unid,,1106,TRUE
H1-1107,Bandeja Dorada 26 cm,BANDEJAS CARTON DORADAS,,700,5300,23000,,80000,x 200 unid,,1107,TRUE
H1-1108,Bandeja Dorada 28 cm,BANDEJAS CARTON DORADAS,,700,5500,25000,,88000,x 200 unid,,1108,TRUE
H1-1109,Bandeja Dorada 31 cm,BANDEJAS CARTON DORADAS,,800,6000,26500,,94000,x 200 unid,,1109,TRUE
H1-1110,Bandeja Dorada 34 cm,BANDEJAS CARTON DORADAS,,900,7500,34500,,122000,x 200 unid,,1110,TRUE
H1-1111,Bandeja Dorada 36 cm,BANDEJAS CARTON DORADAS,,1100,9000,42000,,148000,x 200 unid,,1111,TRUE
H1-1113,Bandeja Dorada Pionono,BANDEJAS CARTON DORADAS,,800,6000,28000,,100000,x 200 unid,,1113,TRUE
H1-1114,plato dorado,BANDEJAS CARTON DORADAS,,,,,,,,,1114,TRUE
H1-1116,Blonda redondas calada Nº 10,BLONDAS CALADAS BLANCAS x100 unid,,800,,,,70000,caja x 100 unid,,1116,TRUE
H1-1117,Blonda redondas calada Nº 13,BLONDAS CALADAS BLANCAS x100 unid,,1100,,,,90000,caja x 100 unid,,1117,TRUE
H1-1118,Blonda redondas calada Nº 15,BLONDAS CALADAS BLANCAS x100 unid,,1700,,,,140000,caja x 100 unid,,1118,TRUE
H1-1119,Blonda redondas calada Nº 18,BLONDAS CALADAS BLANCAS x100 unid,,2000,,,,170000,caja x 100 unid,,1119,TRUE
H1-1120,Blonda redondas calada N° 20,BLONDAS CALADAS BLANCAS x100 unid,,2500,,,,210000,caja x 100 unid,,1120,TRUE
H1-1121,Blonda redondas calada Nº 24,BLONDAS CALADAS BLANCAS x100 unid,,3200,,,,280000,caja x 100 unid,,1121,TRUE
H1-1122,Blonda redondas calada Nº 26,BLONDAS CALADAS BLANCAS x100 unid,,3500,,,,310000,caja x 100 unid,,1122,TRUE
H1-1123,Blonda redondas calada Nº 28,BLONDAS CALADAS BLANCAS x100 unid,,3900,,,,350000,caja x 100 unid,,1123,TRUE
H1-1124,Blonda redondas calada Nº 30,BLONDAS CALADAS BLANCAS x100 unid,,4600,,,,410000,caja x 100 unid,,1124,TRUE
H1-1125,Blonda redondas calada Nº 32,BLONDAS CALADAS BLANCAS x100 unid,,4900,,,,440000,caja x 100 unid,,1125,TRUE
H1-1126,Blonda redondas calada Nº 34,BLONDAS CALADAS BLANCAS x100 unid,,5200,,,,470000,caja x 100 unid,,1126,TRUE
H1-1127,Blonda redondas calada Nº 36,BLONDAS CALADAS BLANCAS x100 unid,,5500,,,,500000,caja x 100 unid,,1127,TRUE
H1-1128,Blonda redondas calada Nº 40,BLONDAS CALADAS BLANCAS x100 unid,,6500,,,,600000,caja x 100 unid,,1128,TRUE
H1-1130,Blonda rectangular calada 15 x 21,BLONDAS CALADAS BLANCAS x100 unid,,,,,2400,,,,1130,TRUE
H1-1131,Blonda rectangular calada 18 x 25,BLONDAS CALADAS BLANCAS x100 unid,,,,,2700,,,,1131,TRUE
H1-1132,Blonda rectangular calada 21 x 27,BLONDAS CALADAS BLANCAS x100 unid,,,,,3000,,,,1132,TRUE
H1-1133,Blonda rectangular calada 26 x 32,BLONDAS CALADAS BLANCAS x100 unid,,,,,4000,,,,1133,TRUE
H1-1134,Blonda rectangular calada 31 x 38,BLONDAS CALADAS BLANCAS x100 unid,,800,,,4600,,,,1134,TRUE
H1-1135,Blonda rectangular calada 40 x 50,BLONDAS CALADAS BLANCAS x100 unid,,,,,6800,,,,1135,TRUE
H1-1138,Blonda CORAZON N°10 Blanca,BLONDAS CALADAS BLANCAS x100 unid,,900,,,,,caja x 100 unid,,1138,TRUE
H1-1139,Blonda CORAZON N°10 Color Pleno,BLONDAS CALADAS BLANCAS x100 unid,,1000,,,,,caja x 100 unid,,1139,TRUE
H1-1140,Blonda CORAZON N°10 ECO,BLONDAS CALADAS BLANCAS x100 unid,,1000,,,,,caja x 100 unid,,1140,TRUE
H1-1141,Blonda CORAZON N°10 Dorada,BLONDAS CALADAS BLANCAS x100 unid,,2700,,,,,caja x 100 unid,,1141,TRUE
H1-1142,Blonda CORAZON N°10 Plateada,BLONDAS CALADAS BLANCAS x100 unid,,2500,,,,,caja x 100 unid,,1142,TRUE
H1-1144,Blonda Redondas N°10 Blanca con lunares,BLONDAS CALADAS BLANCAS x100 unid,,800,,,,,caja x 100 unid,,1144,TRUE
H1-1145,Blonda Redondas N°10 Color pleno,BLONDAS CALADAS BLANCAS x100 unid,,900,,,,,caja x 100 unid,,1145,TRUE
H1-1146,Blonda Redondas N°10 ECO,BLONDAS CALADAS BLANCAS x100 unid,,800,,,,,caja x 100 unid,,1146,TRUE
H1-1147,Blonda Redondas N°10 Dorada,BLONDAS CALADAS BLANCAS x100 unid,,2300,,,,,caja x 100 unid,,1147,TRUE
H1-1148,Blonda Redondas N°10 Plateada,BLONDAS CALADAS BLANCAS x100 unid,,2150,,,,,caja x 100 unid,,1148,TRUE
H1-1150,Blonda Redondas N°13 Lunares y color pleno,BLONDAS CALADAS BLANCAS x100 unid,,1000,,,,,caja x 100 unid,,1150,TRUE
H1-1151,Blonda Redondas N°13 ECO,BLONDAS CALADAS BLANCAS x100 unid,,1000,,,,,caja x 100 unid,,1151,TRUE
H1-1152,Blonda Redondas N°13 Dorada,BLONDAS CALADAS BLANCAS x100 unid,,3650,,,,,caja x 100 unid,,1152,TRUE
H1-1153,Blonda Redondas N°13 Plateada,BLONDAS CALADAS BLANCAS x100 unid,,3050,,,,,caja x 100 unid,,1153,TRUE
H1-1155,Blondas CORAZON N°15 Blanca,BLONDAS CALADAS BLANCAS x100 unid,,1650,,,,,caja x 100 unid,,1155,TRUE
H1-1156,Blondas CORAZON N°15 Color Pleno,BLONDAS CALADAS BLANCAS x100 unid,,1950,,,,,caja x 100 unid,,1156,TRUE
H1-1157,Blondas CORAZON N°15 ECO,BLONDAS CALADAS BLANCAS x100 unid,,2000,,,,,caja x 100 unid,,1157,TRUE
H1-1158,Blondas CORAZON N°15 Dorada,BLONDAS CALADAS BLANCAS x100 unid,,6000,,,,,caja x 100 unid,,1158,TRUE
H1-1159,Blondas CORAZON N°15 plateada,BLONDAS CALADAS BLANCAS x100 unid,,5250,,,,,caja x 100 unid,,1159,TRUE
H1-1161,Blonda CORAZON Nª20 blanca,BLONDAS CALADAS BLANCAS x100 unid,,3500,,,,,caja x 100 unid,,1161,TRUE
H1-1163,Blonda CUADRADA 9x9 color Blanca,BLONDAS CALADAS BLANCAS x100 unid,,800,,,,,caja x 100 unid,,1163,TRUE
H1-1164,Blonda CUADRADA 9x9 color pleno,BLONDAS CALADAS BLANCAS x100 unid,,1000,,,,,caja x 100 unid,,1164,TRUE
H1-1166,Blonda CUADRADA 13x13 color Blanca,BLONDAS CALADAS BLANCAS x100 unid,,1300,,,,,caja x 100 unid,,1166,TRUE
H1-1167,Blonda CUADRADA 13x13 color pleno,BLONDAS CALADAS BLANCAS x100 unid,,1600,,,,,caja x 100 unid,,1167,TRUE
H1-1169,Blonda Guirnalda color con hilo (paq x 15),BLONDAS CALADAS BLANCAS x100 unid,,1000,,,,,x 100 unid,,1169,TRUE
H1-1170,Blonda Guirnalda color surtida con hilo (paq x 15),BLONDAS CALADAS BLANCAS x100 unid,,1200,,,,,x 100 unid,,1170,TRUE
H1-1172,Blonda Banderin color con hilo ( paq x 15),BLONDAS CALADAS BLANCAS x100 unid,,1000,,,,,x 100 unid,,1172,TRUE
H1-1173,Blonda Banderin color surtida con hilo ( paq x 15),BLONDAS CALADAS BLANCAS x100 unid,,1200,,,,,x 100 unid,,1173,TRUE
H1-1176,Blonda Redonda DORADA 24 cm,BLONDAS CALADAS BLANCAS DORADAS,,200,1300,,,,,,1176,TRUE
H1-1177,Blonda Redonda DORADA 28 cm,BLONDAS CALADAS BLANCAS DORADAS,,200,1650,,,,,,1177,TRUE
H1-1178,Blonda Redonda DORADA 30 cm,BLONDAS CALADAS BLANCAS DORADAS,,250,1800,,,,,,1178,TRUE
H1-1179,Blonda Redonda DORADA 32 cm,BLONDAS CALADAS BLANCAS DORADAS,,250,2050,,,,,,1179,TRUE
H1-1183,Blonda redonda blanca 28 cm x10,BLONDAS EN BLISTER X 10 UNID,,950,,,,,,,1183,TRUE
H1-1184,Blonda redonda blanca 30 cm x10,BLONDAS EN BLISTER X 10 UNID,,1050,,,,,,,1184,TRUE
H1-1185,Blonda redonda blanca 32 cm x10,BLONDAS EN BLISTER X 10 UNID,,1150,,,,,,,1185,TRUE
H1-1186,Blonda redonda blanca 36 cm x10,BLONDAS EN BLISTER X 10 UNID,,1400,,,,,,,1186,TRUE
H1-1187,Blonda redonda blanca 40 cm x10,BLONDAS EN BLISTER X 10 UNID,,1650,,,,,,,1187,TRUE
H1-1189,Blonda Rectangular Blanca 26x32 x10 unid,BLONDAS EN BLISTER X 10 UNID,,1100,,,,,,,1189,TRUE
H1-1190,Blonda Rectangular Blanca 31x37 x10 unid,BLONDAS EN BLISTER X 10 UNID,,1400,,,,,,,1190,TRUE
H1-1191,Blonda Rectangular Blanca 35x45 x10 unid,BLONDAS EN BLISTER X 10 UNID,,1850,,,,,,,1191,TRUE
H1-1192,Blonda Rectangular Blanca 40x50 x10 unid,BLONDAS EN BLISTER X 10 UNID,,2050,,,,,,,1192,TRUE
H1-1194,Blonda Nª38 decorada,BLONDAS EN BLISTER X 10 UNID,,200,3000,,,,,x 10: paq x 20 unid $ 3000,1194,TRUE
H1-1196,Sorbetes Con Funda En CAJA x 1000 (cod 1),SORBETES,,12000,,,,105000,x 10 cajas,,1196,TRUE
H1-1197,Sorbetes Con Funda En BOLSA x 1000 (cod 3),SORBETES,,12000,,,,50000,bulto x 5 paq,,1197,TRUE
H1-1199,Sorbetes Sin funda XL NEGROS x 1000 (cod 7),SORBETES,,12000,,,,105000,x 10 cajas,,1199,TRUE
H1-1200,Sorbetes Sin funda XL RAYADO x 1000 (cod 6),SORBETES,,15000,,,,135000,x 10 cajas,,1200,TRUE
H1-1202,Sorbetes Sin funda XL FLUOR x 100 (cod 35),SORBETES,,2000,17000,,,75000,Bulto x 50 paq,,1202,TRUE
H1-1204,Sorbete Negro XL 45 cm,SORBETES,,,,,,,,,1204,TRUE
H1-1206,Sorbetes Fantasia Con FRUTA/SOMBRILLA/FLECOS,SORBETES,,,,,,,,,1206,TRUE
H1-1208,Sorbetes Flexibles x 100 (cod 18),SORBETES,,,,,4000,105000,x 30 paq,,1208,TRUE
H1-1210,Sorbetes de polipapel x 25 unid (importados),SORBETES,,1200,,,,,,,1210,TRUE
H1-1211,Sorbetes de polipapel x 25 unid (Sur) (cod 48),SORBETES,,1000,7000,,,24000,Caja x 40 paq de 25 u,,1211,TRUE
H1-1213,Sorbetes de polipapel a granel (Negro/ Blanco / Kraft) (cod 23),SORBETES,,100,600,2000,2800,25000,caja x 1000,,1213,TRUE
H1-1215,Sorbetes flexible 100 % papel IBERIA,SORBETES,,,450,1650,3000,,,,1215,TRUE
H1-1217,4 x 30 100 unid.,POLIPROPILENO (PP),,1200,10800,,,95000,x 100 paq,,1217,TRUE
H1-1218,6 x 10 100 unid.,POLIPROPILENO (PP),,800,6400,,,60000,x 100 paq,,1218,TRUE
H1-1219,6 x 15 100 unid.,POLIPROPILENO (PP),,1000,8000,,,70000,x 100 paq,,1219,TRUE
H1-1220,6 x 20 100 unid.,POLIPROPILENO (PP),,1100,9300,,,85000,x 100 paq,,1220,TRUE
H1-1221,6 x 25 100 unid.,POLIPROPILENO (PP),,1300,11000,,,95000,x 100 paq,,1221,TRUE
H1-1222,6 x 30 100 unid.,POLIPROPILENO (PP),,1400,12500,,,110000,x 100 paq,,1222,TRUE
H1-1223,8 x 10 100 unid.,POLIPROPILENO (PP),,900,7500,,,65000,x 100 paq,,1223,TRUE
H1-1224,8 x 15 100 unid. (p/ huevo nº6),POLIPROPILENO (PP),,1100,9300,,,85000,x 100 paq,,1224,TRUE
H1-1225,8 x 20 100 unid.,POLIPROPILENO (PP),,1300,11500,,,100000,x 100 paq,,1225,TRUE
H1-1226,8 x 25 100 unid.,POLIPROPILENO (PP),,1500,13000,,,115000,x 100 paq,,1226,TRUE
H1-1227,8 x 30 100 unid.,POLIPROPILENO (PP),,1700,15500,,,135000,x 100 paq,,1227,TRUE
H1-1228,10 x 15 100 unid.,POLIPROPILENO (PP),,1200,10500,,,95000,x 100 paq,,1228,TRUE
H1-1229,10 x 20 100 unid. (p/ huevo nº8),POLIPROPILENO (PP),,1400,12500,,,110000,x 100 paq,,1229,TRUE
H1-1230,10 x 25 100 unid.,POLIPROPILENO (PP),,1600,14600,,,130000,x 100 paq,,1230,TRUE
H1-1231,10 x 30 100 unid.,POLIPROPILENO (PP),,1800,16700,,,150000,x 100 paq,,1231,TRUE
H1-1232,12 x 20 100 unid.,POLIPROPILENO (PP),,1600,14000,,,125000,x 100 paq,,1232,TRUE
H1-1233,12 x 25 100 unid. (Para analisis clinicos),POLIPROPILENO (PP),,1800,16700,,,150000,x 100 paq,,1233,TRUE
H1-1234,15 x 20 100 unid.,POLIPROPILENO (PP),,1900,17000,,,150000,x 100 paq,,1234,TRUE
H1-1235,15 x 25 100 unid. (para pan dulce de 100 grs.),POLIPROPILENO (PP),,2200,20000,,,180000,x 100 paq,,1235,TRUE
H1-1236,15 x 30 100 unid.,POLIPROPILENO (PP),,2500,23600,,,210000,x 100 paq,,1236,TRUE
H1-1237,15 x 35 100 unid.,POLIPROPILENO (PP),,2800,26500,,,240000,x 100 paq,,1237,TRUE
H1-1238,15 x 40 100 unid. (para budin),POLIPROPILENO (PP),,3500,33500,,,300000,x 100 paq,,1238,TRUE
H1-1239,20 x 25 100 unid.,POLIPROPILENO (PP),,2800,26000,,,230000,x 100 paq,,1239,TRUE
H1-1240,20 x 30 100 unid (para pan dulce 1/4),POLIPROPILENO (PP),,3200,30000,,,270000,x 100 paq,,1240,TRUE
H1-1241,20 x 35 100 unid.,POLIPROPILENO (PP),,3600,34000,,,310000,x 100 paq,,1241,TRUE
H1-1242,20 x 40 100 unid.,POLIPROPILENO (PP),,4400,42000,,,380000,x 100 paq,,1242,TRUE
H1-1243,22 x 30 100 unid,POLIPROPILENO (PP),,3400,32500,,,300000,x 100 paq,,1243,TRUE
H1-1244,22 x 35 100 unid,POLIPROPILENO (PP),,4000,38000,,,340000,x 100 paq,,1244,TRUE
H1-1245,25 x 35 100 unid. (para pan dulce 1/2 y 3/4 kg),POLIPROPILENO (PP),,4400,42000,,,380000,x 100 paq,,1245,TRUE
H1-1246,30 x 40 100 unid. (para pan dulce 1 kg),POLIPROPILENO (PP),,6000,56500,,,500000,x 100 paq,,1246,TRUE
H1-1247,35 x 45 100 unid.,POLIPROPILENO (PP),,7700,75500,,,665000,x 100 paq,,1247,TRUE
H1-1248,40 x 50 100 unid.,POLIPROPILENO (PP),,10000,,,,900000,x 100 paq,,1248,TRUE
H1-1249,40 x 60 100 unid,POLIPROPILENO (PP),,11500,,,,1020000,x 100 paq,,1249,TRUE
H1-1250,50 x 60 100 unid,POLIPROPILENO (PP),,14000,,,,1100000,x 100 paq,,1250,TRUE
H1-1252,36 x 55 (medida especial Pablo),POLIPROPILENO (PP),,,94000,,,,,x 10: x1000 $ 94000,1252,TRUE
H1-1254,10 x 15 Especies x 100 unid,POLIPROPILENO (PP),,1800,,,,,x 100 paq,,1254,TRUE
H1-1255,15 x 35 Budin x 100 unid,POLIPROPILENO (PP),,,,,,,,,1255,TRUE
H1-1256,25 x 35 Pan Dulce x 100 unid (para pan dulce 1/2 kg),POLIPROPILENO (PP),,,,,,,,,1256,TRUE
H1-1257,30 x 40 Pan Dulce x 100 unid (para pan dulce 1 kg),POLIPROPILENO (PP),,,,,,,,,1257,TRUE
H1-1258,35 x 40 Pre-Pizza x 100 unid,POLIPROPILENO (PP),,7900,,,,,,,1258,TRUE
H1-1261,8 x 15+5 100 unid,PP CON ADHESIVO,,2600,,,,230000,x 100 paq,,1261,TRUE
H1-1262,10 x 15+5 100 unid,PP CON ADHESIVO,,3000,,,,265000,x 100 paq,,1262,TRUE
H1-1263,15 x 20+5 100 unid,PP CON ADHESIVO,,4800,,,,420000,x 100 paq,,1263,TRUE
H1-1264,20 x 30+5 100 unid,PP CON ADHESIVO,,7000,,,,620000,x 100 paq,,1264,TRUE
H1-1265,25 x 35+5 100 unid,PP CON ADHESIVO,,9500,,,,840000,x 100 paq,,1265,TRUE
H1-1266,30 x 40+5 100 unid.,PP CON ADHESIVO,,12500,,,,1100000,x 100 paq,,1266,TRUE
H1-1267,35 x 45+5 100 unid.,PP CON ADHESIVO,,17000,,,,1550000,x 100 paq,,1267,TRUE
H1-1269,PP CON CIERRE ZIPPER (Terlizzi),PP CON ADHESIVO,,,,,,,,,1269,TRUE
H1-1270,5x7 (importadas 40mc) (05CI7),PP CON ADHESIVO,,,600,,3600,67000,bulto x 2500,,1270,TRUE
H1-1271,6x10 (importadas 40mc) (06CI10),PP CON ADHESIVO,,,800,,4700,100000,bulto x 2500,,1271,TRUE
H1-1272,10x15 (10C15),PP CON ADHESIVO,,200,1000,,7500,152500,bulto x 2500,,1272,TRUE
H1-1273,15x20 (15C20),PP CON ADHESIVO,,300,1800,,11000,205000,bulto x 2500,,1273,TRUE
H1-1274,20x30 (20C30),PP CON ADHESIVO,,400,2000,,15000,195000,bulto x 1500,,1274,TRUE
H1-1275,30x40 (30C40),PP CON ADHESIVO,,500,3600,,26500,200000,bulto x 1000,,1275,TRUE
H1-1277,Funda para traje PP 60x90 x 10 unid,FUNDA TRAJES Y VESTIDO,,,2400,,16500,145000,x 1000,,1277,TRUE
H1-1279,"Funda para vestido PP 60x1,20 x 10 unid",FUNDA TRAJES Y VESTIDO,,,3000,,22000,190000,x 1000,,1279,TRUE
H1-1282,15x25 (7 capas / 75 micrones) (15U25),BOLSAS DE ENVASADO AL VACIO,,400,2500,10500,19500,85000,x 500 unid,,1282,TRUE
H1-1283,20x30 (7 capas / 75 micrones) (20U30),BOLSAS DE ENVASADO AL VACIO,,600,4000,15500,29000,130000,x 500 unid,,1283,TRUE
H1-1284,28x40 (7 capas / 75 micrones) (28U40),BOLSAS DE ENVASADO AL VACIO,,800,6500,28000,53000,117500,x 250 unid,,1284,TRUE
H1-1286,25x30 (9 capaz / 50 micrones),BOLSAS DE ENVASADO AL VACIO,,500,3500,15000,27500,120000,x 500 unid,,1286,TRUE
H1-1288,Rollo Gofrado para envasado al vacio 15 x 5 mts (95 mc) (28UG5),BOLSAS DE ENVASADO AL VACIO,,6000,9800,,,69600,bulto x 8 pack de 2 rollos,x 10: pack x 2 $ 9800,1288,TRUE
H1-1289,Rollo Gofrado para envasado al vacio 28 x 5 mts (95 mc) (28UG5),BOLSAS DE ENVASADO AL VACIO,,9000,16500,,,116000,bulto x 8 pack de 2 rollos,x 10: pack x 2 $ 16500,1289,TRUE
H1-1291,"15x23 fuelle 4,5 cm (500ml ) (90 micrones Cristal)",BOLSAS Stand Up Pouch con zipper,,300,2000,7000,,58000,bulto x 500 unid,,1291,TRUE
H1-1292,"15x23 fuelle 4,5 cm Yute (marron)",BOLSAS Stand Up Pouch con zipper,,300,2000,7000,,58000,bulto x 500 unid,,1292,TRUE
H1-1294,11 x 17 (250 ml) (11DY17M) 92 mc TERLIZZI,BOLSAS DOYPACK con cierre zipper (frente cristal fondo Metalizado),,400,2000,7000,,60000,bulto x 500 unid,,1294,TRUE
H1-1295,15 x 25 (250 ml) (15DY25M) 92 mc TERLIZZI,BOLSAS DOYPACK con cierre zipper (frente cristal fondo Metalizado),,500,3500,12000,,105000,bulto x 500 unid,,1295,TRUE
H1-1296,20 x 28 (1500 ml) (20DY28M) 92 mc TERLIZZI,BOLSAS DOYPACK con cierre zipper (frente cristal fondo Metalizado),,600,4000,17000,,72500,Bulto x 250 unid,,1296,TRUE
H1-1298,10x15 plateada/ dorada CMV,BOLSAS DOYPACK con cierre zipper (frente cristal fondo Metalizado),,300,2000,,15000,130000,bulto x 1000,,1298,TRUE
H1-1299,12x20 dorada CMV,BOLSAS DOYPACK con cierre zipper (frente cristal fondo Metalizado),,400,2500,,21000,190000,bulto x 1000,,1299,TRUE
H1-1301,9x13 dorada Mate con fuelle CMV,BOLSAS DOYPACK con cierre zipper (frente cristal fondo Metalizado),,300,2000,,15000,130000,bulto x 1000,,1301,TRUE
H1-1302,10x15 dorada Mate con fuelle CMV,BOLSAS DOYPACK con cierre zipper (frente cristal fondo Metalizado),,300,2000,,15000,130000,bulto x 1000,,1302,TRUE
H1-1303,12x20 dorada Mate con fuelle CMV,BOLSAS DOYPACK con cierre zipper (frente cristal fondo Metalizado),,400,2500,,21000,190000,bulto x 1000,,1303,TRUE
H1-1305,11 x 15 (250 ml) (10DI15P),BOLSAS DOYPACK con cierre zipper Kraft con ventana,,500,3500,13000,,115000,bulto x 500 unid,,1305,TRUE
H1-1306,16 x 24 (750 ml),BOLSAS DOYPACK con cierre zipper Kraft con ventana,,1200,10000,45000,,200000,Bulto x 250 unid,,1306,TRUE
H1-1308,Sobre e-commerse 15x25 +5 cm Negro,BOLSAS SOBRES E-COMMERSE,,200,1400,5000,8200,73000,1000 unid,,1308,TRUE
H1-1309,Sobre e-commerse 20x32 +5 cm Negro,BOLSAS SOBRES E-COMMERSE,,200,1500,6000,10000,83000,1000 unid,,1309,TRUE
H1-1310,Sobre e-commerse 30x40 +5 cm Negro,BOLSAS SOBRES E-COMMERSE,,300,2000,8500,15400,70000,500 unid,,1310,TRUE
H1-1311,Sobre e-commerse 40x55 +5 cm Negro,BOLSAS SOBRES E-COMMERSE,,500,3500,14500,27000,60000,250 unid,,1311,TRUE
H1-1313,Sobre e-commerse 20x32 +5 cm HOLA! Negro,BOLSAS SOBRES E-COMMERSE,,300,2000,7000,13000,115000,1000 unid,,1313,TRUE
H1-1314,Sobre e-commerse 30x45 +5 cm HOLA! Rosa,BOLSAS SOBRES E-COMMERSE,,400,3000,11500,21500,95000,500 unid,,1314,TRUE
H1-1315,Sobre e-commerse 40x55 +5 cm HOLA! Negro,BOLSAS SOBRES E-COMMERSE,,600,4500,20500,39000,86250,250 unid,,1315,TRUE
H1-1317,Bombonera RECTANGULAR 1/8 Blanca,BOMBONERA - ESTUCHE - TORTERA - CAJA,,700,5900,,,62400,caja x 120 unid,,1317,TRUE
H1-1318,Bombonera RECTANGULAR 1/8 Roja,BOMBONERA - ESTUCHE - TORTERA - CAJA,,800,6700,,,70800,caja x 120 unid,,1318,TRUE
H1-1319,Bombonera RECTANGULAR 1/8 Fantasia,BOMBONERA - ESTUCHE - TORTERA - CAJA,,800,7000,,,62000,bulto x 100 unid,,1319,TRUE
H1-1320,Bombonera OCTOGONAL 1/8 Oro,BOMBONERA - ESTUCHE - TORTERA - CAJA,,900,7800,,,84000,caja x 120 unid,,1320,TRUE
H1-1321,Bombonera Mini LIBRO fantasia,BOMBONERA - ESTUCHE - TORTERA - CAJA,,800,7000,,,62000,Bulto x 100 unid,,1321,TRUE
H1-1323,Bomboneras RECTANGULAR 1/4 Blanca,BOMBONERA - ESTUCHE - TORTERA - CAJA,,800,6500,,,34800,Caja x 60 unid,,1323,TRUE
H1-1324,Bomboneras RECTANGULAR 1/4 Roja / kraft,BOMBONERA - ESTUCHE - TORTERA - CAJA,,900,7300,,,39000,Caja x 60 unid,,1324,TRUE
H1-1325,Bomboneras RECTANGULAR 1/4 Fantasia,BOMBONERA - ESTUCHE - TORTERA - CAJA,,900,7600,,,34000,Bulto x 50 unid,,1325,TRUE
H1-1326,Bombonera OCTOGONAL 1/4 kg Kraf,BOMBONERA - ESTUCHE - TORTERA - CAJA,,1000,8500,,,45000,Caja x 60 unid,,1326,TRUE
H1-1327,Bombonera 1/4 LIBRO fantasia,BOMBONERA - ESTUCHE - TORTERA - CAJA,,900,7600,,,34000,Bulto x 50 unid,,1327,TRUE
H1-1329,Bomboneras RECTANGULAR 1/2 Blanca,BOMBONERA - ESTUCHE - TORTERA - CAJA,,900,7100,,,25200,Caja x 40 unid,,1329,TRUE
H1-1330,Bomboneras RECTANGULAR 1/2 Roja / kraft,BOMBONERA - ESTUCHE - TORTERA - CAJA,,1000,7800,,,28000,Caja x 40 unid,,1330,TRUE
H1-1331,Bomboneras RECTANGULAR 1/2 Fantasia,BOMBONERA - ESTUCHE - TORTERA - CAJA,,1000,8100,,,28800,Bulto x 40 unid,,1331,TRUE
H1-1332,Bombonera 1/2 LIBRO fantasia,BOMBONERA - ESTUCHE - TORTERA - CAJA,,1000,8100,,,28800,Bulto x 40 unid,,1332,TRUE
H1-1334,Bombonera RECTANGULAR 1 Kg Blanca,BOMBONERA - ESTUCHE - TORTERA - CAJA,,1000,8400,,,14800,Caja x 20 unid,,1334,TRUE
H1-1335,Bombonera RECTANGULAR 1 Kg Roja / Kraft,BOMBONERA - ESTUCHE - TORTERA - CAJA,,1100,9100,,,16200,Caja x 20 unid,,1335,TRUE
H1-1336,Bombonera RECTANGULAR 1 Kg Fantasia,BOMBONERA - ESTUCHE - TORTERA - CAJA,,1100,9500,,,17000,Bulto x 20 unid,,1336,TRUE
H1-1337,Bombonera 1 KG LIBRO fantasia,BOMBONERA - ESTUCHE - TORTERA - CAJA,,1100,9500,,,17000,Bulto x 20 unid,,1337,TRUE
H1-1339,"Cajas Bombones con ventana 1/4 (15,5x9x3,5) visor central",BOMBONERA - ESTUCHE - TORTERA - CAJA,,1000,8000,,,71000,Bulto x 100 unid,,1339,TRUE
H1-1340,"Cajas Bombones con ventana 1/2 (23,5x10x4) visor central",BOMBONERA - ESTUCHE - TORTERA - CAJA,,1400,12000,,,107000,Bulto x 100 unid,,1340,TRUE
H1-1342,"Cajas Bombones con ventana 1/4 (15,5x9x3,5) visor lateral",BOMBONERA - ESTUCHE - TORTERA - CAJA,,1200,10500,,,95000,Bulto x 100 unid,,1342,TRUE
H1-1343,"Cajas Bombones con ventana 1/2 (23,5x10x4) visor lateral",BOMBONERA - ESTUCHE - TORTERA - CAJA,,1800,16000,,,140000,Bulto x 100 unid,,1343,TRUE
H1-1345,"Bomboneras cajon chica 5 colores (19,5x10,5x3) DP",BOMBONERA - ESTUCHE - TORTERA - CAJA,,1200,10500,49000,,86000,Bulto x 100 unid,,1345,TRUE
H1-1346,"Bomboneras Cajon Grande 5 colores (23,5x15x3) DP",BOMBONERA - ESTUCHE - TORTERA - CAJA,,1350,12500,58500,,104000,Bulto x 100 unid,,1346,TRUE
H1-1348,"Bombonera cajon chica (cookie) con tapa PVC (10,5x19,5x3)",BOMBONERA - ESTUCHE - TORTERA - CAJA,,1400,12500,58500,,105000,Bulto x 100 u,,1348,TRUE
H1-1349,"Bomboneras Cajon Grande con ventana PVC Blanca/Negra (23,5x15x3) DP",BOMBONERA - ESTUCHE - TORTERA - CAJA,,1500,13000,62000,,110000,Bulto x 100 unid,,1349,TRUE
H1-1351,"Separador tira para bombonera cajon chica 3x10,5",BOMBONERA - ESTUCHE - TORTERA - CAJA,,150,1000,,8600,76000,x 1000 unid,,1351,TRUE
H1-1352,Separador tira para bombonera cajon Grande 3x15,BOMBONERA - ESTUCHE - TORTERA - CAJA,,200,1300,,10100,90000,x 1000 unid,,1352,TRUE
H1-1354,"Caja bombones x 9 cajon blanca con Cinta (9x9x3,5)",BOMBONERA - ESTUCHE - TORTERA - CAJA,,500,3500,14500,,26000,Bulto x 100 unid,,1354,TRUE
H1-1355,"Caja bombones x 9 cajon blanca con divisiones (9x9x3,5)",BOMBONERA - ESTUCHE - TORTERA - CAJA,,700,5500,23000,,43000,Bulto x 100 unid,,1355,TRUE
H1-1357,"Caja bombones x 16 cajon blanca con Cinta (12x12x3,5)",BOMBONERA - ESTUCHE - TORTERA - CAJA,,700,5500,20500,,37000,Bulto x 100 unid,,1357,TRUE
H1-1358,"Caja bombones x 16 cajon blanca con divisiones (12x12,3,5)",BOMBONERA - ESTUCHE - TORTERA - CAJA,,800,6500,27000,,48000,Bulto x 100 unid,,1358,TRUE
H1-1360,"Caja bombones x 25 cajon blanca con Cinta (15x15x3,5)",BOMBONERA - ESTUCHE - TORTERA - CAJA,,700,5500,22500,,40000,Bulto x 100 unid,,1360,TRUE
H1-1361,"Caja bombones x 25 cajon blanca con divisiones (15x15x3,5)",BOMBONERA - ESTUCHE - TORTERA - CAJA,,900,7500,32500,,57000,Bulto x 100 unid,,1361,TRUE
H1-1363,"Bombonera Flower x 16 con division (12x12x3,5)",BOMBONERA - ESTUCHE - TORTERA - CAJA,,1050,9200,44500,,79000,Bulto x 100 unid,,1363,TRUE
H1-1365,"Bomboneras FULL COLOR (con colgante) 10x5,5x5 PROMO",BOMBONERA - ESTUCHE - TORTERA - CAJA,,350,3000,13000,,23000,Bulto x 100 paq x 10,,1365,TRUE
H1-1367,Porta bombon pack x 25 unid,BOMBONERA - ESTUCHE - TORTERA - CAJA,,800,,,2600,13000,Bulto x 500 unid,Unidad: x 25 $ 800,1367,TRUE
H1-1369,Papel Bombones lisos y fantasia metalizado (9x9),BOMBONERA - ESTUCHE - TORTERA - CAJA,,,600,,6400,22800,4 tacos,x 50: TACO x · x 100: 150 unid $ 6400,1369,TRUE
H1-1370,Papel alfajor metalizado (15x19),BOMBONERA - ESTUCHE - TORTERA - CAJA,,300,2000,8000,14000,60000,500 Hojas,,1370,TRUE
H1-1372,Caja Shine Margarita (19x13x4),BOMBONERA - ESTUCHE - TORTERA - CAJA,,1100,9500,41000,,72000,Bulto x 100 unid,,1372,TRUE
H1-1374,Estuche plastificado para masas de 1/4,BOMBONERA - ESTUCHE - TORTERA - CAJA,,400,,,,,,,1374,TRUE
H1-1375,Estuche plastificado para masas de 1/2,BOMBONERA - ESTUCHE - TORTERA - CAJA,,500,,,,,,,1375,TRUE
H1-1376,Estuche plastificado para masas de 1 Kg,BOMBONERA - ESTUCHE - TORTERA - CAJA,,600,,,,,,,1376,TRUE
H1-1378,"Caja para Masas/Donas/Cookies con visor 1/4 (17,5x12,5x5) DP",BOMBONERA - ESTUCHE - TORTERA - CAJA,,1100,9000,41000,,75000,Bulto x 100,,1378,TRUE
H1-1379,Caja para Masas/Donas/Cookies con visor 1/2 (22x17.5x5) DP,BOMBONERA - ESTUCHE - TORTERA - CAJA,,1300,11000,50000,,90000,Bulto x 100,,1379,TRUE
H1-1380,Caja para Masas/Donas/Cookies con visor 1 Kg ( 28.5x21.5x5.5) DP,BOMBONERA - ESTUCHE - TORTERA - CAJA,,1500,13500,62000,,110000,Bulto x 100,,1380,TRUE
H1-1381,Caja para Masas/Donas/Cookies con visor XL ( 32x25x5) DP,BOMBONERA - ESTUCHE - TORTERA - CAJA,,1800,16000,73500,,130000,Bulto x 100,,1381,TRUE
H1-1383,"Caja para Masas/Donas/Cookies SIN VISOR 1/4 (17,5x12,5x5) DP",BOMBONERA - ESTUCHE - TORTERA - CAJA,,900,7500,32500,,60000,Bulto x 100,,1383,TRUE
H1-1384,Caja para Masas/Donas/Cookies SIN VISOR 1/2 (22x17.5x5) DP,BOMBONERA - ESTUCHE - TORTERA - CAJA,,1100,9000,41000,,75000,Bulto x 100,,1384,TRUE
H1-1385,Caja para Masas/Donas/Cookies SIN VISOR 1 Kg ( 28.5x21.5x5.5) DP,BOMBONERA - ESTUCHE - TORTERA - CAJA,,1400,12000,56000,,100000,Bulto x 100,,1385,TRUE
H1-1386,Caja para Masas/Donas/Cookies SIN VISOR XL ( 32x25x5) DP,BOMBONERA - ESTUCHE - TORTERA - CAJA,,1500,13500,62000,,110000,Bulto x 100,,1386,TRUE
H1-1388,"Caja para Masas/Donas/Cookies con TAPA PVC 1/4 Roja (17,5x12,5x5) DP",BOMBONERA - ESTUCHE - TORTERA - CAJA,,1200,10000,47000,,85000,Bulto x 100,,1388,TRUE
H1-1389,Caja para Masas/Donas/Cookies con TAPA PVC 1/2 Roja (22x17.5x5) DP,BOMBONERA - ESTUCHE - TORTERA - CAJA,,1400,12500,58500,,105000,Bulto x 100,,1389,TRUE
H1-1390,Caja para Masas/Donas/Cookies con TAPA PVC 1 Kg Roja/ blanca ( 28.5x21.5x5.5) DP,BOMBONERA - ESTUCHE - TORTERA - CAJA,,1800,16500,79000,,140000,Bulto x 100,,1390,TRUE
H1-1392,"Caja para Masas/Donas/Cookies con visor 1/4 (17,5x12,5x5) Impresa FELIZ DIA",BOMBONERA - ESTUCHE - TORTERA - CAJA,,900,7500,34000,,60000,Bulto x 100,,1392,TRUE
H1-1393,Caja para Masas/Donas/Cookies con visor 1/2 (22x17.5x5) Impresa FELIZ DIA,BOMBONERA - ESTUCHE - TORTERA - CAJA,,1100,9500,43500,,77000,Bulto x 100,,1393,TRUE
H1-1394,Caja para Masas/Donas/Cookies con visor 1 Kg ( 28.5x21.5x5.5) Impresa FELIZ DIA,BOMBONERA - ESTUCHE - TORTERA - CAJA,,1400,13000,60000,,106000,Bulto x 100,,1394,TRUE
H1-1396,"Caja para Masas/Donas/Cookies SIN VISOR 1/4 (17,5x12,5x5) Impresa FELIZ DIA",BOMBONERA - ESTUCHE - TORTERA - CAJA,,800,7000,31500,,56000,Bulto x 100,,1396,TRUE
H1-1397,Caja para Masas/Donas/Cookies SIN VISOR 1/2 (22x17.5x5) Impresa FELIZ DIA,BOMBONERA - ESTUCHE - TORTERA - CAJA,,1000,9000,39600,,70000,Bulto x 100,,1397,TRUE
H1-1398,Caja para Masas/Donas/Cookies SIN VISOR 1 Kg ( 28.5x21.5x5.5) Impresa FELIZ DIA,BOMBONERA - ESTUCHE - TORTERA - CAJA,,1300,12000,54300,,97000,Bulto x 100,,1398,TRUE
H1-1400,"Separador cookies 1/4 (17x4,5)",BOMBONERA - ESTUCHE - TORTERA - CAJA,,,2000,,12500,55000,Bulto x 500,,1400,TRUE
H1-1401,"Separador cookies 1/2 (21x4,5)",BOMBONERA - ESTUCHE - TORTERA - CAJA,,,2000,,13500,60000,Bulto x 500,,1401,TRUE
H1-1402,"Separador cookies 1 kg (25x4,5)",BOMBONERA - ESTUCHE - TORTERA - CAJA,,,2000,,14500,65000,Bulto x 500,,1402,TRUE
H1-1404,"Mini cookie impresas dulces con visor (10,5x10,5x3)",BOMBONERA - ESTUCHE - TORTERA - CAJA,,500,4500,20000,,36000,Bulto x 100,,1404,TRUE
H1-1405,"Cookie Impresa dulce con visor (12,5x12,5x5)",BOMBONERA - ESTUCHE - TORTERA - CAJA,,600,5500,25000,,45000,Bulto x 100,,1405,TRUE
H1-1407,"Caja Cookie con visor corazon (10x10x5) blanca, aqua, rosa, roja",BOMBONERA - ESTUCHE - TORTERA - CAJA,,500,3500,14000,,25000,Bulto x 100,,1407,TRUE
H1-1408,"Caja Cookie con visor estrella, corazon (10x10x5) dorada y Plateada",BOMBONERA - ESTUCHE - TORTERA - CAJA,,700,5500,25000,,45000,Bulto x 100,,1408,TRUE
H1-1410,"Caja Cookie con visor cuadrado (10x10x5) blanca, aqua, rosa y rojo",BOMBONERA - ESTUCHE - TORTERA - CAJA,,500,3500,14000,,25000,Bulto x 100,,1410,TRUE
H1-1411,Caja Cookie con visor cuadrado (10x10x5) dorada y plateada,BOMBONERA - ESTUCHE - TORTERA - CAJA,,700,5500,25000,,45000,Bulto x 100,,1411,TRUE
H1-1413,"Cookies individual blanca con visor Luisito (9,5x9,5x2)",BOMBONERA - ESTUCHE - TORTERA - CAJA,,500,3500,14000,24500,110000,Bulto x 500,,1413,TRUE
H1-1414,Cookies Con visor blanca Luisito (10x10x3),BOMBONERA - ESTUCHE - TORTERA - CAJA,,800,6500,27500,,50000,Bulto x 100,,1414,TRUE
H1-1415,Cookies Con visor blanca Luisito (12x12x5) (Minitorta),BOMBONERA - ESTUCHE - TORTERA - CAJA,,1000,8000,38000,,70000,Bulto x 100,,1415,TRUE
H1-1416,Cookies Con visor blanca Luisito (20x10x3),BOMBONERA - ESTUCHE - TORTERA - CAJA,,,,,,,Bulto x 100,,1416,TRUE
H1-1417,"Cookies Con visor blanca Luisito (20x20x4,5)",BOMBONERA - ESTUCHE - TORTERA - CAJA,,1600,14000,63500,,115000,Bulto x 100,,1417,TRUE
H1-1419,"Caja Cheese Cake (25x25x7,5)",BOMBONERA - ESTUCHE - TORTERA - CAJA,,1800,16500,,,145000,Bulto x 100,,1419,TRUE
H1-1421,Tortera T-26 picada/golosinas con tapa cristal 5 divisiones,BOMBONERA - ESTUCHE - TORTERA - CAJA,,1300,11000,47500,,96000,Caja x 120 unid,,1421,TRUE
H1-1422,Tortera T-26 picada/golosinas 5 divisiones sin Tapa,BOMBONERA - ESTUCHE - TORTERA - CAJA,,800,6000,,,,,,1422,TRUE
H1-1424,Maletin plastificado para torta 25x25x15 Negro/ Aqua / Rosa chicle / primavera/Invierno,BOMBONERA - ESTUCHE - TORTERA - CAJA,,1000,,,,,Bulto x 100,,1424,TRUE
H1-1425,Maletin plastificado para torta 29x29x15 Negro/ Aqua / Rosa chicle/ Primavera /,BOMBONERA - ESTUCHE - TORTERA - CAJA,,1000,,,,,Bulto x 100,,1425,TRUE
H1-1426,Maletin plastificado para torta 30x30x10 Negro/ Aqua / Rosa chicle,BOMBONERA - ESTUCHE - TORTERA - CAJA,,1000,,,,,Bulto x 100,,1426,TRUE
H1-1428,Maletin Plastificado para torta 12x12x7 Blanco Premium,BOMBONERA - ESTUCHE - TORTERA - CAJA,,500,3500,14000,,25000,Bulto x 100,,1428,TRUE
H1-1429,Maletin Plastificado para torta 15x15x12 Blanco Premium,BOMBONERA - ESTUCHE - TORTERA - CAJA,,800,6000,27500,,50000,Bulto x 100,,1429,TRUE
H1-1430,Maletin Plastificado para torta 25x25x10 Blanco Premium,BOMBONERA - ESTUCHE - TORTERA - CAJA,,1000,8500,38000,,70000,Bulto x 100,,1430,TRUE
H1-1431,Maletin Plastificado para torta 25x25x15 Blanco Premium,BOMBONERA - ESTUCHE - TORTERA - CAJA,,1100,9500,44500,,80000,Bulto x 100,,1431,TRUE
H1-1432,Maletin Plastificado para torta 25x25x15 Blanco (linea eco),BOMBONERA - ESTUCHE - TORTERA - CAJA,,1000,8500,38500,,70000,Bulto x 100,,1432,TRUE
H1-1433,Maletin Plastificado para torta 27x27x7 Blanco Ref,BOMBONERA - ESTUCHE - TORTERA - CAJA,,1000,8000,35000,,65000,Bulto x 100,,1433,TRUE
H1-1434,Maletin Plastificado para torta 27x27x10 Blanco Premium,BOMBONERA - ESTUCHE - TORTERA - CAJA,,1100,9000,40500,,75000,Bulto x 100,,1434,TRUE
H1-1435,Maletin Plastificado para torta 27x27x15 Blanco Ref,BOMBONERA - ESTUCHE - TORTERA - CAJA,,1400,12500,59000,,105000,Bulto x 100,,1435,TRUE
H1-1436,Maletin Plastificado para torta 30x30x10 Blanco Premium,BOMBONERA - ESTUCHE - TORTERA - CAJA,,1200,10500,48000,,85000,Bulto x 100,,1436,TRUE
H1-1437,Maletin Plastificado para torta 30x30x15 Blanco Ref (A),BOMBONERA - ESTUCHE - TORTERA - CAJA,,1600,14000,64000,,115000,Bulto x 100,,1437,TRUE
H1-1438,Maletin Plastificado para torta 33x33x15 Blanco Ref (A),BOMBONERA - ESTUCHE - TORTERA - CAJA,,1700,15500,74500,,135000,Bulto x 100,,1438,TRUE
H1-1440,Maletin Plastificado para torta 25x25x15 KRAFT,BOMBONERA - ESTUCHE - TORTERA - CAJA,,1200,9700,44000,,80000,Bulto x 100,,1440,TRUE
H1-1441,Maletin Plastificado para torta 27x27x10 KRAFT,BOMBONERA - ESTUCHE - TORTERA - CAJA,,1000,8500,41000,,75000,Bulto x 100,,1441,TRUE
H1-1442,Maletin Plastificado para torta 27x27x15 KRAFT,BOMBONERA - ESTUCHE - TORTERA - CAJA,,1300,11500,50000,,90000,Bulto x 100,,1442,TRUE
H1-1443,Maletin Plastificado para torta 30x30x10 ECO KRAFT,BOMBONERA - ESTUCHE - TORTERA - CAJA,,1300,11500,52500,,95000,Bulto x 100,,1443,TRUE
H1-1444,Maletin Plastificado para torta 30x30x15 MICRO,BOMBONERA - ESTUCHE - TORTERA - CAJA,,1600,14500,69000,,125000,Bulto x 100,,1444,TRUE
H1-1445,Maletin Plastificado para torta 33x33x15 MICRO,BOMBONERA - ESTUCHE - TORTERA - CAJA,,1700,15500,75000,,135000,Bulto x 100,,1445,TRUE
H1-1447,Maletin para Facturas (22x19x9),BOMBONERA - ESTUCHE - TORTERA - CAJA,,900,7000,31000,,55000,Bulto x 100,,1447,TRUE
H1-1449,Maletin para budin 30x15x10 Blanco,BOMBONERA - ESTUCHE - TORTERA - CAJA,,1000,8100,33200,,58000,Bulto x 100,,1449,TRUE
H1-1450,"Caja Budin Blanca con ondas con visor (Luisito) (24x9,5x10)",BOMBONERA - ESTUCHE - TORTERA - CAJA,,1500,13000,56200,,100000,Bulto x 100,,1450,TRUE
H1-1451,"Caja Budin Blanca con visor (Luisito) (24x9,5x10)",BOMBONERA - ESTUCHE - TORTERA - CAJA,,900,7000,28000,,490000,Bulto x 100,,1451,TRUE
H1-1452,"Caja Budin 8,5x8,5x24 con ventana ""DP""",BOMBONERA - ESTUCHE - TORTERA - CAJA,,1000,8000,,,70000,Bulto x 100,,1452,TRUE
H1-1454,"Caja alargada Maletin c/ manija 10,5x31x7 Don Pack (navid, blan, kraft)",BOMBONERA - ESTUCHE - TORTERA - CAJA,,700,5400,,,,Bulto x 100,,1454,TRUE
H1-1456,Cajas Para Tortas Altas Dripcakes 20x20x20 Premium,BOMBONERA - ESTUCHE - TORTERA - CAJA,,1300,11000,,,95000,Bulto x 100,,1456,TRUE
H1-1457,Cajas Para Tortas Altas Dripcakes 25x25x25 Premium,BOMBONERA - ESTUCHE - TORTERA - CAJA,,1800,16000,,,140000,Bulto x 100,,1457,TRUE
H1-1458,Cajas Para Tortas Altas Dripcakes 25x25x33 Premium,BOMBONERA - ESTUCHE - TORTERA - CAJA,,2000,18000,,,160000,Bulto x 100,,1458,TRUE
H1-1459,Cajas Para Tortas Altas Dripcakes 25x25x40 Premium,BOMBONERA - ESTUCHE - TORTERA - CAJA,,2100,19000,,,170000,Bulto x 100,,1459,TRUE
H1-1460,Cajas Para Tortas Altas Dripcakes 30x30x25 Premium,BOMBONERA - ESTUCHE - TORTERA - CAJA,,2100,19000,,,170000,Bulto x 100,,1460,TRUE
H1-1461,Cajas Para Tortas Altas Dripcakes 30x30x33 Premium,BOMBONERA - ESTUCHE - TORTERA - CAJA,,2300,21000,,,190000,Bulto x 100,,1461,TRUE
H1-1462,Cajas Para Tortas Altas Dripcakes 30x30x40 Premium,BOMBONERA - ESTUCHE - TORTERA - CAJA,,2500,23000,,,200000,Bulto x 100,,1462,TRUE
H1-1463,Cajas Para Tortas Altas Dripcakes 35x35x25 Premium,BOMBONERA - ESTUCHE - TORTERA - CAJA,,2500,23000,,,200000,Bulto x 100,,1463,TRUE
H1-1464,Cajas Para Tortas Altas Dripcakes 35x35x33 Premium,BOMBONERA - ESTUCHE - TORTERA - CAJA,,2800,26000,,,230000,Bulto x 100,,1464,TRUE
H1-1465,Cajas Para Tortas Altas Dripcakes 35x35x40 Premium,BOMBONERA - ESTUCHE - TORTERA - CAJA,,3000,28000,,,250000,Bulto x 100,,1465,TRUE
H1-1467,Cajas Para Tortas Altas Dripcakes 25x25x25 Con Visor,BOMBONERA - ESTUCHE - TORTERA - CAJA,,2800,26500,,,240000,Bulto x 100,,1467,TRUE
H1-1468,Cajas Para Tortas Altas Dripcakes 25x25x33 Con Visor,BOMBONERA - ESTUCHE - TORTERA - CAJA,,3000,28000,,,250000,Bulto x 100,,1468,TRUE
H1-1469,Cajas Para Tortas Altas Dripcakes 25x25x40 Con Visor,BOMBONERA - ESTUCHE - TORTERA - CAJA,,3200,30000,,,270000,Bulto x 100,,1469,TRUE
H1-1470,Cajas Para Tortas Altas Dripcakes 30x30x25 Con Visor,BOMBONERA - ESTUCHE - TORTERA - CAJA,,3100,29000,,,250000,Bulto x 100,,1470,TRUE
H1-1471,Cajas Para Tortas Altas Dripcakes 30x30x33 Con Visor,BOMBONERA - ESTUCHE - TORTERA - CAJA,,3300,31000,,,280000,Bulto x 100,,1471,TRUE
H1-1472,Cajas Para Tortas Altas Dripcakes 30x30x40 Con Visor,BOMBONERA - ESTUCHE - TORTERA - CAJA,,3500,33000,,,290000,Bulto x 100,,1472,TRUE
H1-1474,"Mini Drip ""DP"" Blanca o deseos (15x15x20) Con visor",BOMBONERA - ESTUCHE - TORTERA - CAJA,,2100,19000,,,170000,Bulto x 100,,1474,TRUE
H1-1475,"Drip Cake ""DP"" Blanca (25x25x25 extensible a 32) Con visor",BOMBONERA - ESTUCHE - TORTERA - CAJA,,4100,39000,,,340000,Bulto x 100,,1475,TRUE
H1-1477,Mini drip cartulina blanca reforzada cubo sin visor 20x20x20,BOMBONERA - ESTUCHE - TORTERA - CAJA,,1000,7500,,,65000,Bulto x 100,,1477,TRUE
H1-1478,Drip cartulina blanca reforzada cubo sin visor 25x25x25,BOMBONERA - ESTUCHE - TORTERA - CAJA,,1200,10000,,,85000,Bulto x 100,,1478,TRUE
H1-1480,Caja Desayuno/Postre Con visor ( 8 colores) 20x20x9 DP,BOMBONERA - ESTUCHE - TORTERA - CAJA,,1500,13000,62000,,110000,Bulto x 100,,1480,TRUE
H1-1481,Caja Desayuno/Postre Con visor ( 8 colores) 25x25x6 DP,BOMBONERA - ESTUCHE - TORTERA - CAJA,,1700,15500,71000,,125000,Bulto x 100,,1481,TRUE
H1-1482,Caja Desayuno/Postre Con visor ( 8 colores) 25x25x9 DP,BOMBONERA - ESTUCHE - TORTERA - CAJA,,2000,18500,88000,,156000,Bulto x 100,,1482,TRUE
H1-1483,Caja Desayuno/Postre Con visor ( 8 colores) 25x25x12 DP,BOMBONERA - ESTUCHE - TORTERA - CAJA,,2100,19000,89000,,157000,Bulto x 100,,1483,TRUE
H1-1484,Caja Desayuno/Postre Con visor ( 8 colores) 25x25x17 DP,BOMBONERA - ESTUCHE - TORTERA - CAJA,,2500,23500,114000,,205000,Bulto x 100,,1484,TRUE
H1-1486,"Caja Desayuno/Postre tapa ciega impr ""mis mejores deseos"" 25x25x6 DP",BOMBONERA - ESTUCHE - TORTERA - CAJA,,1400,12500,57700,,103000,Bulto x 100,,1486,TRUE
H1-1487,"Caja Desayuno/Postre tapa ciega impr ""mis mejores deseos"" 25x25x12 DP",BOMBONERA - ESTUCHE - TORTERA - CAJA,,1900,17000,79100,,140000,Bulto x 100,,1487,TRUE
H1-1488,"Caja Desayuno/Postre tapa ciega impr ""mis mejores deseos"" 25x25x17 DP",BOMBONERA - ESTUCHE - TORTERA - CAJA,,2400,22000,104000,,184000,Bulto x 100,,1488,TRUE
H1-1490,Caja Postre 25x25x6 ventana PVC impreso dorado base Roja,BOMBONERA - ESTUCHE - TORTERA - CAJA,,1500,13000,60200,,107000,Bulto x 100,,1490,TRUE
H1-1491,Caja Postre 25x25x12 ventana PVC impreso dorado base Blanca,BOMBONERA - ESTUCHE - TORTERA - CAJA,,1800,16000,73600,,131000,Bulto x 100,,1491,TRUE
H1-1492,Caja Postre 25x25x17 ventana PVC impreso dorado base Blanca,BOMBONERA - ESTUCHE - TORTERA - CAJA,,2200,20500,98100,,174000,Bulto x 100,,1492,TRUE
H1-1494,Caja Lingote Chica Baja (10x25x6) varios colores,BOMBONERA - ESTUCHE - TORTERA - CAJA,,1400,12000,,,100000,Bulto x 100,,1494,TRUE
H1-1495,Caja Lingote/ budin Chica con apertura frontal y visor superior (10x25x12) invierno,BOMBONERA - ESTUCHE - TORTERA - CAJA,,1500,13000,,,115000,Bulto x 100,,1495,TRUE
H1-1496,Caja Lingote/ budin Grande con apertura frontal y visor superior (15x30x12),BOMBONERA - ESTUCHE - TORTERA - CAJA,,1700,15500,,,140000,Bulto x 100,,1496,TRUE
H1-1498,Caja number Blanca base Kaft con visor 42x33x12 Premium,BOMBONERA - ESTUCHE - TORTERA - CAJA,,2800,26500,,,230000,Bulto x 100,,1498,TRUE
H1-1499,Caja number Blanca base Kaft con visor 42x33x12 Linea Micro,BOMBONERA - ESTUCHE - TORTERA - CAJA,,2800,26500,,,230000,Bulto x 100,,1499,TRUE
H1-1501,Base- Bandeja microcorrugado 20x20x4 (Desayuno),BOMBONERA - ESTUCHE - TORTERA - CAJA,,600,4500,,,38000,Bulto x 100,,1501,TRUE
H1-1502,Base- Bandeja microcorrugado 25x25x6 (Desayuno),BOMBONERA - ESTUCHE - TORTERA - CAJA,,1000,8000,,,65000,Bulto x 100,,1502,TRUE
H1-1503,Base- Bandeja microcorrugado 30x30x6 (Desayuno),BOMBONERA - ESTUCHE - TORTERA - CAJA,,1100,9000,,,76000,Bulto x 100,,1503,TRUE
H1-1504,Base- Bandeja microcorrugado 30x30x6 IMPRESA (Desayuno) PROMOOO,BOMBONERA - ESTUCHE - TORTERA - CAJA,,800,7000,,,,Bulto x 100,,1504,TRUE
H1-1505,Base- Bandeja microcorrugado 35x35x6 (Desayuno),BOMBONERA - ESTUCHE - TORTERA - CAJA,,1200,10000,,,90000,Bulto x 100,,1505,TRUE
H1-1506,Base- Bandeja microcorrugado 42x33x6 (Desayuno),BOMBONERA - ESTUCHE - TORTERA - CAJA,,1400,12000,,,100000,Bulto x 100,,1506,TRUE
H1-1508,Caja Desayuno Blanca base Kaft con visor 20x20x10 Premium,BOMBONERA - ESTUCHE - TORTERA - CAJA,,1400,12000,,,97000,Bulto x 100,,1508,TRUE
H1-1509,Caja Desayuno Blanca base Kaft con visor 25x25x12 Premium,BOMBONERA - ESTUCHE - TORTERA - CAJA,,1900,17000,,,145000,Bulto x 100,,1509,TRUE
H1-1510,Caja Desayuno Blanca base Kaft con visor 30x30x12 Premium,BOMBONERA - ESTUCHE - TORTERA - CAJA,,2300,21000,,,180000,Bulto x 100,,1510,TRUE
H1-1511,Caja Desayuno Blanca base Kaft con visor 42x33x12 Premium,BOMBONERA - ESTUCHE - TORTERA - CAJA,,2700,25000,,,220000,Bulto x 100,,1511,TRUE
H1-1513,Caja desayuno con visor hexagonal 22x22x12,BOMBONERA - ESTUCHE - TORTERA - CAJA,,,,,,,,,1513,TRUE
H1-1514,Caja desayuno con visor hexagonal 30x30x12,BOMBONERA - ESTUCHE - TORTERA - CAJA,,1600,14000,,,,,,1514,TRUE
H1-1516,"Cajas Desayunos con visor varios colores chica (17,5x12,5x10) DP",BOMBONERA - ESTUCHE - TORTERA - CAJA,,1200,10500,,,95000,Bulto x 100,,1516,TRUE
H1-1517,"Cajas Desayunos con visor varios colores mediana (22x17,5x10) DP",BOMBONERA - ESTUCHE - TORTERA - CAJA,,1400,12500,,,110000,Bulto x 100,,1517,TRUE
H1-1518,"Cajas Desayunos con visor varios colores Grande (28,5x21,5x10) DP",BOMBONERA - ESTUCHE - TORTERA - CAJA,,2000,18000,,,155000,Bulto x 100,,1518,TRUE
H1-1519,Cajas Desayunos con visor varios colores XL (32x25x10) DP,BOMBONERA - ESTUCHE - TORTERA - CAJA,,2300,21000,,,180000,Bulto x 100,,1519,TRUE
H1-1521,"Cajas Desayunos SIN visor varios colores chica (17,5x12,5x10) DP",BOMBONERA - ESTUCHE - TORTERA - CAJA,,1200,10000,,,90000,Bulto x 100,,1521,TRUE
H1-1522,"Cajas Desayunos SIN visor varios colores mediana (22x17,5x10) DP",BOMBONERA - ESTUCHE - TORTERA - CAJA,,1400,12000,,,105000,Bulto x 100,,1522,TRUE
H1-1523,"Cajas Desayunos SIN visor varios colores Grande (28,5x21,5x10) DP",BOMBONERA - ESTUCHE - TORTERA - CAJA,,1800,16500,,,145000,Bulto x 100,,1523,TRUE
H1-1524,Cajas Desayunos SIN visor varios colores XL (32x25x10) DP,BOMBONERA - ESTUCHE - TORTERA - CAJA,,2100,19000,,,170000,Bulto x 100,,1524,TRUE
H1-1526,"Cajas Desayunos con visor Impresa FELIZ DIA chica (17,5x12,5x10) DP",BOMBONERA - ESTUCHE - TORTERA - CAJA,,1100,10000,45300,,81000,Bulto x 100,,1526,TRUE
H1-1527,"Cajas Desayunos con visor Impresa FELIZ DIA mediana (22x17,5x10) DP",BOMBONERA - ESTUCHE - TORTERA - CAJA,,1300,12000,55200,,98000,Bulto x 100,,1527,TRUE
H1-1528,"Cajas Desayunos con visor Impresa FELIZ DIA Grande (28,5x21,5x10) DP",BOMBONERA - ESTUCHE - TORTERA - CAJA,,1700,16000,76300,,135000,Bulto x 100,,1528,TRUE
H1-1530,"Cajas Desayunos sin visor Impresa FELIZ DIA chica (17,5x12,5x10) DP",BOMBONERA - ESTUCHE - TORTERA - CAJA,,1100,9500,43000,,76000,Bulto x 100,,1530,TRUE
H1-1531,"Cajas Desayunos sin visor Impresa FELIZ DIA mediana (22x17,5x10) DP",BOMBONERA - ESTUCHE - TORTERA - CAJA,,1200,11000,51500,,91000,Bulto x 100,,1531,TRUE
H1-1532,"Cajas Desayunos sin visor Impresa FELIZ DIA Grande (28,5x21,5x10) DP",BOMBONERA - ESTUCHE - TORTERA - CAJA,,1600,15000,71000,,126000,Bulto x 100,,1532,TRUE
H1-1534,Caja desayuno blanca visor superior 33x23x9.5,BOMBONERA - ESTUCHE - TORTERA - CAJA,,1800,16500,,,140000,Bulto x 100,,1534,TRUE
H1-1536,Caja desayuno el camino con visor ( rosa y verde aqua),BOMBONERA - ESTUCHE - TORTERA - CAJA,,1250,11500,54200,,100000,Bulto x 100,,1536,TRUE
H1-1538,Valija desayuno con visor (25x14x13) (Luisito),BOMBONERA - ESTUCHE - TORTERA - CAJA,,1200,10000,,,75000,Bulto x 100,,1538,TRUE
H1-1540,Valija Delivery Blanca (23x14x13),BOMBONERA - ESTUCHE - TORTERA - CAJA,,1000,7500,,,65000,Bulto x 100,,1540,TRUE
H1-1542,"Valija Blanca ( Luisito) (17x9,5x15,5)",BOMBONERA - ESTUCHE - TORTERA - CAJA,,400,,,,,Bulto x 100,,1542,TRUE
H1-1543,"Valija Blanca con visor ( Luisito) (17x9,5x15,5)",BOMBONERA - ESTUCHE - TORTERA - CAJA,,600,,,,,Bulto x 100,,1543,TRUE
H1-1544,"Valija Kraft Marron ( 16x17x9,5)",BOMBONERA - ESTUCHE - TORTERA - CAJA,,400,,,,,Bulto x 100,,1544,TRUE
H1-1546,Caja degustacion galera 25x20x6 sin canales,BOMBONERA - ESTUCHE - TORTERA - CAJA,,1400,12000,50000,,91000,Bulto x 100,,1546,TRUE
H1-1547,Caja degustacion galera 25x20 con 4 canales,BOMBONERA - ESTUCHE - TORTERA - CAJA,,1600,14000,65200,,120000,Bulto x 100,,1547,TRUE
H1-1548,Caja degustacion Galera 25x20 con 6 canales,BOMBONERA - ESTUCHE - TORTERA - CAJA,,1700,15000,64000,,115000,Bulto x 100,,1548,TRUE
H1-1550,"Casita Chica con visor 17x9,5x15 ""DP"" (6 colores)",BOMBONERA - ESTUCHE - TORTERA - CAJA,,1100,9000,40000,,70000,Bulto x 100,,1550,TRUE
H1-1551,"Casita Grande con visor 23x13,5x14 ""DP"" (6 colores)",BOMBONERA - ESTUCHE - TORTERA - CAJA,,1600,15000,70000,,125000,Bulto x 100,,1551,TRUE
H1-1553,Caja Copa (11x11x25),BOMBONERA - ESTUCHE - TORTERA - CAJA,,1500,13500,60600,,110000,Bulto x 100,,1553,TRUE
H1-1555,Caja para minitorta 12x12x5 tapa acetato,BOMBONERA - ESTUCHE - TORTERA - CAJA,,1000,8000,38000,,70000,Bulto x 100,,1555,TRUE
H1-1556,Caja para minitortas 20x17x10 (Alan),BOMBONERA - ESTUCHE - TORTERA - CAJA,,1000,8000,,,70000,Bulto x 100,,1556,TRUE
H1-1557,Caja para minitortas 19x19x10 blanco premium,BOMBONERA - ESTUCHE - TORTERA - CAJA,,1000,8500,40000,,70000,Bulto x 100,,1557,TRUE
H1-1558,Caja para minitortas 22x22x9 Blanco premium,BOMBONERA - ESTUCHE - TORTERA - CAJA,,1100,9500,45000,,80000,Bulto x 100,,1558,TRUE
H1-1559,Caja para minitortas 22x22x9 Linea Margarita,BOMBONERA - ESTUCHE - TORTERA - CAJA,,1600,14500,69000,,135000,Bulto x 100,,1559,TRUE
H1-1560,Caja para minitortas 23x23x10 Blanco premium,BOMBONERA - ESTUCHE - TORTERA - CAJA,,1200,10000,47000,,85000,Bulto x 100,,1560,TRUE
H1-1562,Interior minitorta bento cake + 4 cupcakes (para caja minitorta 22x22x9),BOMBONERA - ESTUCHE - TORTERA - CAJA,,500,3600,,,20000,Bulto x 100,,1562,TRUE
H1-1563,Interior minitorta degustacion 3 canales 8 para caja 22x22x9),BOMBONERA - ESTUCHE - TORTERA - CAJA,,400,2200,6500,,12000,Bulto x 100,,1563,TRUE
H1-1565,"Estuche Minitorta 16x16x7,5 con visor (Blanca, rosa y verde pastel)",BOMBONERA - ESTUCHE - TORTERA - CAJA,,1100,10000,49100,,100000,Bulto x 100,,1565,TRUE
H1-1567,Box SIN ventana (DP) varios colores 10x10x8,BOMBONERA - ESTUCHE - TORTERA - CAJA,,800,6500,26500,,47000,Bulto x 100,,1567,TRUE
H1-1568,Box SIN ventana (DP) varios colores 13x13x13,BOMBONERA - ESTUCHE - TORTERA - CAJA,,1300,11500,50000,,90000,Bulto x 100,,1568,TRUE
H1-1569,Box con ventana (DP) varios colores 18x18x10,BOMBONERA - ESTUCHE - TORTERA - CAJA,,1500,13500,62000,,110000,Bulto x 100,,1569,TRUE
H1-1570,Box con Ventana (DP) blanco 22x22x12,BOMBONERA - ESTUCHE - TORTERA - CAJA,,1900,17000,79000,,140000,Bulto x 100,,1570,TRUE
H1-1571,Box con ventana (DP) Blanco 30x30x10,BOMBONERA - ESTUCHE - TORTERA - CAJA,,2250,21000,100000,,180000,Bulto x 100,,1571,TRUE
H1-1573,Mini Box Picoteo (25x25x6) + 2 separadores de 12 cm y 1 porta dip x 3,BOMBONERA - ESTUCHE - TORTERA - CAJA,,2100,19000,90000,,165000,Bulto x 100,,1573,TRUE
H1-1574,Box Picoteo XL (32x25x5) + 4 separadores de 12 cm - 1 porta dip x 3 de 55cc (7x25x4),BOMBONERA - ESTUCHE - TORTERA - CAJA,,2400,22500,109000,,195000,Bulto x 100,,1574,TRUE
H1-1576,Porta Dips ( para 3 unid),BOMBONERA - ESTUCHE - TORTERA - CAJA,,300,2000,,16500,150000,Bulto x 1000,,1576,TRUE
H1-1577,"Separadores 12x 4,5 cm",BOMBONERA - ESTUCHE - TORTERA - CAJA,,200,1000,,8600,76000,Bulto x 1000,,1577,TRUE
H1-1579,Box Apilable sin visor 9x9x10 Linea Micro,BOMBONERA - ESTUCHE - TORTERA - CAJA,,600,4500,15500,,28000,Bulto x 100,,1579,TRUE
H1-1580,Box Apilable sin visor 12x12x10 Linea Micro,BOMBONERA - ESTUCHE - TORTERA - CAJA,,700,5500,25000,,45000,Bulto x 100,,1580,TRUE
H1-1581,Box Apilable sin visor 15x15x12 Blanco,BOMBONERA - ESTUCHE - TORTERA - CAJA,,800,6500,28500,,51000,Bulto x 100,,1581,TRUE
H1-1582,Box Apilable sin visor 15x15x12 Linea Micro,BOMBONERA - ESTUCHE - TORTERA - CAJA,,900,7500,34500,,62000,Bulto x 100,,1582,TRUE
H1-1583,Box Apilable sin visor 20x20x10 Blanco,BOMBONERA - ESTUCHE - TORTERA - CAJA,,900,7500,31500,,58000,Bulto x 100,,1583,TRUE
H1-1584,Box Apilable sin visor 20x20x10 Linea Micro,BOMBONERA - ESTUCHE - TORTERA - CAJA,,1000,8000,38000,,70000,Bulto x 100,,1584,TRUE
H1-1585,Box Apilable sin visor 20x20x15 Blanco,BOMBONERA - ESTUCHE - TORTERA - CAJA,,1300,11000,49000,,90000,Bulto x 100,,1585,TRUE
H1-1586,"Box Apilable sin visor apertura frontal 25x25x14,5 Blanco",BOMBONERA - ESTUCHE - TORTERA - CAJA,,1300,11500,54000,,95000,Bulto x 100,,1586,TRUE
H1-1587,"Box Apilable sin visor apertura frontal 25x25x14,5 Linea Micro",BOMBONERA - ESTUCHE - TORTERA - CAJA,,1500,13000,61500,,110000,Bulto x 100,,1587,TRUE
H1-1588,Box Apilable sin visor apertura frontal 30x30x10 Blanco,BOMBONERA - ESTUCHE - TORTERA - CAJA,,1300,11500,52000,,95000,Bulto x 100,,1588,TRUE
H1-1589,Box Apilable sin visor apertura frontal 30x30x10 Linea Micro,BOMBONERA - ESTUCHE - TORTERA - CAJA,,1400,12500,59500,,105000,Bulto x 100,,1589,TRUE
H1-1591,"Box Mutiuso (8,5x14x7) Blanco con visor",BOMBONERA - ESTUCHE - TORTERA - CAJA,,600,4000,16000,,29000,bulto x 100,,1591,TRUE
H1-1592,Box Mutiuso (21x12x7) Blanco con visor,BOMBONERA - ESTUCHE - TORTERA - CAJA,,800,6000,27000,,50000,bulto x 100,,1592,TRUE
H1-1594,Box Multiuso 30x20x6 con Visor Blanca / Rosa / Aqua,BOMBONERA - ESTUCHE - TORTERA - CAJA,,1100,9500,46000,,80000,Bulto x 100,,1594,TRUE
H1-1595,Box Multiuso 30x20x6 con Visor Kraft,BOMBONERA - ESTUCHE - TORTERA - CAJA,,1300,11000,,,86000,Bulto x 100,,1595,TRUE
H1-1597,Box Multiuso apertura frontal con visor Blanca 34x26x9 (cupcakes x 12 sin fondo),BOMBONERA - ESTUCHE - TORTERA - CAJA,,1700,15000,65000,,115000,Bulto x 100,,1597,TRUE
H1-1598,Box Multiuso con visor Blanca 26x17x9 Premium (cupcakes x 6 sin fondo),BOMBONERA - ESTUCHE - TORTERA - CAJA,,1100,9500,43000,,80000,Bulto x 100,,1598,TRUE
H1-1600,Box Multiuso apertura frontal con visor blanco 23x23x10,BOMBONERA - ESTUCHE - TORTERA - CAJA,,1100,9700,,,80000,Bulto x 100,,1600,TRUE
H1-1602,Base contenedora blanca 8x8x3 (sin tapa),BOMBONERA - ESTUCHE - TORTERA - CAJA,,400,2700,,,13000,Bulto x 100,,1602,TRUE
H1-1603,Base contenedora blanca 10x10x3 (sin tapa),BOMBONERA - ESTUCHE - TORTERA - CAJA,,500,3000,,,14000,Bulto x 100,,1603,TRUE
H1-1604,Base contenedora blanca 12x12x5 (sin tapa),BOMBONERA - ESTUCHE - TORTERA - CAJA,,500,3500,,,18000,Bulto x 100,,1604,TRUE
H1-1605,Base contenedora blanca 20x10x3 (sin tapa),BOMBONERA - ESTUCHE - TORTERA - CAJA,,500,3500,,,19000,Bulto x 100,,1605,TRUE
H1-1606,"Base contenedora blanca 20x20x4,5 (sin tapa)",BOMBONERA - ESTUCHE - TORTERA - CAJA,,600,4500,,,24000,Bulto x 100,,1606,TRUE
H1-1608,"Guapaleta (13x6x2,5)",BOMBONERA - ESTUCHE - TORTERA - CAJA,,400,3500,15000,,27000,Bulto x 100,,1608,TRUE
H1-1610,Wok con Barrera Antigrasa - 500 cm3 - Cartulina Natural,BOMBONERA - ESTUCHE - TORTERA - CAJA,,600,5000,,,70000,bulto x 180 unid,,1610,TRUE
H1-1612,"Medio Huevo Autoarmable c/ visor (13,5x18x9) medio huevo de 12 a 16cm",BOMBONERA - ESTUCHE - TORTERA - CAJA,,1200,10500,49000,,86000,Bulto x 100 u,,1612,TRUE
H1-1614,"Caja Individual con visor Blanca, colores o linea deseos (negra) ""DP"" (10x10x4)",BOMBONERA - ESTUCHE - TORTERA - CAJA,,900,7000,32500,,58000,Bulto x 100,,1614,TRUE
H1-1615,"Caja Individual Blanca con tapa PVC ""DP"" (10x10x4)",BOMBONERA - ESTUCHE - TORTERA - CAJA,,900,7000,32500,,58000,Bulto x 100,,1615,TRUE
H1-1616,"Caja Cubo con visor Blanca o linea deseos (negra) ""DP"" (10x10x10)",BOMBONERA - ESTUCHE - TORTERA - CAJA,,1000,8000,36000,,65000,Bulto x 100,,1616,TRUE
H1-1618,"Cubo 5,5x5,5x5,5 de PVC",BOMBONERA - ESTUCHE - TORTERA - CAJA,,700,5000,19000,,38000,Bulto x 100 u,,1618,TRUE
H1-1619,Cubo 9x9x9 de PVC,BOMBONERA - ESTUCHE - TORTERA - CAJA,,1300,11000,,,86000,Bulto x 100 u,,1619,TRUE
H1-1621,Mini Cubo Mensaje (4 colores) 6x6x6,BOMBONERA - ESTUCHE - TORTERA - CAJA,,600,4000,,,21000,Bulto x 100 u,,1621,TRUE
H1-1623,"Mini Box Intensamente 6x6x11 (furia, alegria, Ansiedad y Tristeza)",BOMBONERA - ESTUCHE - TORTERA - CAJA,,600,4000,,,25000,Bulto x 100 u,,1623,TRUE
H1-1624,Box Capibara 6x6x10 (4 diseños x pack),BOMBONERA - ESTUCHE - TORTERA - CAJA,,400,6500,,,580000,bulto x 100 pack,x 10: pack x 24 $ 6500,1624,TRUE
H1-1625,"Cubo Minecraft 8,5x8,5x8,5 ( pack x 24 (8 diseños)",BOMBONERA - ESTUCHE - TORTERA - CAJA,,500,8000,,,710000,bulto x 100 pack,x 10: pack x 24 $ 8000,1625,TRUE
H1-1627,Caja Copa (11x11x25),BOMBONERA - ESTUCHE - TORTERA - CAJA,,1500,12200,,,108000,Bulto x 100 u,,1627,TRUE
H1-1629,Box Galactic 12x12x10,BOMBONERA - ESTUCHE - TORTERA - CAJA,,900,7800,,,65000,Bulto x 100 u,,1629,TRUE
H1-1630,Box Galactic 20x20x10,BOMBONERA - ESTUCHE - TORTERA - CAJA,,1200,10500,,,91000,Bulto x 100 u,,1630,TRUE
H1-1632,Mini Box Sorpresa con visor ( cartulina kraft) 15x15x15,BOMBONERA - ESTUCHE - TORTERA - CAJA,,900,7000,,,58000,Bulto x 100,,1632,TRUE
H1-1633,Caja Blanca Box sorpresa (el camino) 17x17x20,BOMBONERA - ESTUCHE - TORTERA - CAJA,,1000,8500,,,80000,Bulto x 100,,1633,TRUE
H1-1635,Caja Mini Sorpresa Jirafa Cool (12x12x10),BOMBONERA - ESTUCHE - TORTERA - CAJA,,1000,8000,,,60000,Bulto x 100,,1635,TRUE
H1-1637,"Caja Alfajor Blanca ciega CHICA Premium (18,5x12x7)) ""Luisito""",BOMBONERA - ESTUCHE - TORTERA - CAJA,,700,5000,20000,,35000,Bulto x 100,,1637,TRUE
H1-1638,"Caja Alfajor Blanca ciega GRANDE Premium (22x17x5,5) ""Luisito""",BOMBONERA - ESTUCHE - TORTERA - CAJA,,800,6000,22500,,40000,Bulto x 100,,1638,TRUE
H1-1639,"Caja Alfajor Blanca ciega GRANDE (22x17x5,5) ""Luisito"" Linea ECO",BOMBONERA - ESTUCHE - TORTERA - CAJA,,,,17000,,,Bulto x 100,,1639,TRUE
H1-1641,"Mini alfajor carton ecologico sin visor (20x12x5,5) Van",BOMBONERA - ESTUCHE - TORTERA - CAJA,,400,2500,10000,17000,155000,Bulto x 1000,,1641,TRUE
H1-1642,"Mini alfajor carton ecologico con visor (20x12x5,5) Van",BOMBONERA - ESTUCHE - TORTERA - CAJA,,700,5000,20000,37700,340000,Bulto x 1000,,1642,TRUE
H1-1644,Box Alfajor sin Ventana (14x20x4) 7 colores DP,BOMBONERA - ESTUCHE - TORTERA - CAJA,,800,6500,29300,,54000,Bulto x 100,,1644,TRUE
H1-1646,"Caja Alfajor 1 pieza (22x6,5x6,5) 11 colores diferentes DP",BOMBONERA - ESTUCHE - TORTERA - CAJA,,1200,10000,43600,,80000,Bulto x 100,,1646,TRUE
H1-1648,"Caja Macaron 7/8 unid DP 1 pieza (22,5x5x5) 11 colores diferentes",BOMBONERA - ESTUCHE - TORTERA - CAJA,,800,6500,28000,,50000,Bulto x 100,,1648,TRUE
H1-1650,"Caja para Macarrons con tapa PVC ""DP"" 6 colores (5,5x5,5x19)",BOMBONERA - ESTUCHE - TORTERA - CAJA,,1500,13500,60000,,110000,Bulto x 100,,1650,TRUE
H1-1652,Caja macarrons LUISITO Chica (5/6 unid) BLANCA 16x5x5,BOMBONERA - ESTUCHE - TORTERA - CAJA,,700,5500,,,43000,Bulto x 100,,1652,TRUE
H1-1653,Caja macarrons LUISITO Chica (5/6 unid) BLANCA 16x6x6 (1 pieza),BOMBONERA - ESTUCHE - TORTERA - CAJA,,600,4500,,,27000,Bulto x 100,,1653,TRUE
H1-1654,Caja macarrons LUISITO Chica (5/6 unid) PASTEL O ROJA 16x5x5,BOMBONERA - ESTUCHE - TORTERA - CAJA,,800,6000,,,43000,Bulto x 100,,1654,TRUE
H1-1655,Caja macarrons LUISITO Grande (7/8 unid) BLANCA 21x5x5,BOMBONERA - ESTUCHE - TORTERA - CAJA,,800,6000,,,49000,Bulto x 100,,1655,TRUE
H1-1656,Caja macarrons LUISITO Grande (7/8 unid) PASTEL O ROJA 21x5x5,BOMBONERA - ESTUCHE - TORTERA - CAJA,,800,6500,,,49000,Bulto x 100,,1656,TRUE
H1-1657,Caja macarrons LUISITO Grande (7/8 unid) DORADA 21x5x5,BOMBONERA - ESTUCHE - TORTERA - CAJA,,1000,8200,,,70000,Bulto x 100,,1657,TRUE
H1-1658,"Caja macarrons LUISITO Grande (12 unid) BLANCA 20x10,5x5",BOMBONERA - ESTUCHE - TORTERA - CAJA,,1000,8200,,,65000,Bulto x 100,,1658,TRUE
H1-1659,"Caja macarrons LUISITO Grande (12 unid) BLANCA 20x10,5x5 (1 pieza)",BOMBONERA - ESTUCHE - TORTERA - CAJA,,700,5000,,,38000,Bulto x 100,,1659,TRUE
H1-1660,"Caja macarrons LUISITO Grande (12 unid) PASTEL o ROJA 20x10,5x5",BOMBONERA - ESTUCHE - TORTERA - CAJA,,1100,9000,,,70000,Bulto x 100,,1660,TRUE
H1-1662,"Caja para Tabletas de Chocolate 16x8x1,4 (11 colores)",BOMBONERA - ESTUCHE - TORTERA - CAJA,,600,4000,,,30000,Bulto x 100,,1662,TRUE
H1-1663,"Caja Tableta chocolate con visor blanca (8x15,5x1,5)",BOMBONERA - ESTUCHE - TORTERA - CAJA,,600,4500,,,27000,Bulto x 100,,1663,TRUE
H1-1664,"Caja Tableta chocolate con visor impresa (8x15,5x1,5)",BOMBONERA - ESTUCHE - TORTERA - CAJA,,600,4500,20000,,35000,Bulto x 100 u,,1664,TRUE
H1-1665,"Tableta DORADA con visor (8x15,5x1,5)",BOMBONERA - ESTUCHE - TORTERA - CAJA,,600,4000,15600,,28000,Bulto x 100,,1665,TRUE
H1-1667,Mini conos blancos,BOMBONERA - ESTUCHE - TORTERA - CAJA,,,1500,,11500,102000,bulto x 1000,,1667,TRUE
H1-1668,Conos a lunares (8 colores),BOMBONERA - ESTUCHE - TORTERA - CAJA,,,1800,,,16000,Bulto x 100,,1668,TRUE
H1-1669,Conos Full Color,BOMBONERA - ESTUCHE - TORTERA - CAJA,,,2000,,,16000,Bulto x 100,,1669,TRUE
H1-1670,Conos papas impresos (Luisito),BOMBONERA - ESTUCHE - TORTERA - CAJA,,,600,,4000,20000,Bulto x 500,,1670,TRUE
H1-1671,porta cono tipo mc donalds mediano (3 motivos bigote),BOMBONERA - ESTUCHE - TORTERA - CAJA,,,1700,,12000,59000,Bulto x 500,,1671,TRUE
H1-1672,SUPER CONOS,BOMBONERA - ESTUCHE - TORTERA - CAJA,,400,1980,,,35000,Bulto x 100,x 10: x 6 $ 1980,1672,TRUE
H1-1674,"Pochocleras Blancas (Luisito) (8x9,5x11)",BOMBONERA - ESTUCHE - TORTERA - CAJA,,400,2900,,,23000,Bulto x 100,,1674,TRUE
H1-1675,"Pochocleras Cactus, unicornio, dinos, Personajes (luisito) (8x9,5x11)",BOMBONERA - ESTUCHE - TORTERA - CAJA,,400,2700,,,20000,Bulto x 100,,1675,TRUE
H1-1676,"Pochocleras Colores Pastel (luisito) (8x9,5x11)",BOMBONERA - ESTUCHE - TORTERA - CAJA,,400,3200,,,25000,Bulto x 100,,1676,TRUE
H1-1678,"Pochocleras o Carameleras (8 colores) (7,5x10x7,5)",BOMBONERA - ESTUCHE - TORTERA - CAJA,,,3200,,,28000,Bulto x 100,,1678,TRUE
H1-1679,Carameleras FULL COLOR (3 colores) (8x8x8),BOMBONERA - ESTUCHE - TORTERA - CAJA,,,3200,,,28000,Bulto x 100,,1679,TRUE
H1-1680,"Golosineras Lisas colores pastel, roja y amarilla chicas (pochocleras mini)",BOMBONERA - ESTUCHE - TORTERA - CAJA,,,2800,,,23000,Bulto x 100,,1680,TRUE
H1-1682,Pochocleras Mini,BOMBONERA - ESTUCHE - TORTERA - CAJA,,,2500,,,21000,Bulto x 100,,1682,TRUE
H1-1684,"Cajita FLOR (7 colores) (5,5x5,5)",BOMBONERA - ESTUCHE - TORTERA - CAJA,,,700,,,,Bulto x 100,,1684,TRUE
H1-1685,Cajita Corazon (7 colores) (6x6x3),BOMBONERA - ESTUCHE - TORTERA - CAJA,,,1800,,,16000,Bulto x 1000,,1685,TRUE
H1-1687,"Bandejas MINI (6 diseños) (9,5x6,5x3,5)",BOMBONERA - ESTUCHE - TORTERA - CAJA,,800,,,,80000,bulto x 100,,1687,TRUE
H1-1688,"Bandejas CHICAS lunares o full color (14,5x10x6,5)",BOMBONERA - ESTUCHE - TORTERA - CAJA,,900,7000,,,65000,bulto x 100,,1688,TRUE
H1-1689,Bandejas GRANDES lunares o full color (19x13x8),BOMBONERA - ESTUCHE - TORTERA - CAJA,,1000,7500,,,68000,bulto x 100,,1689,TRUE
H1-1691,"Casita Dulce calada ""Mini Chica"" con cinta para llevar (10x9x9)",BOMBONERA - ESTUCHE - TORTERA - CAJA,,800,6000,,,40000,bulto x 100,,1691,TRUE
H1-1692,"Casita Dulce calada ""Chica"" con cinta para llevar (15x10x9)",BOMBONERA - ESTUCHE - TORTERA - CAJA,,900,7800,,,51000,bulto x 100,,1692,TRUE
H1-1693,"Casita Dulce calada ""Mansion"" con cinta para llevar (25x15x14)",BOMBONERA - ESTUCHE - TORTERA - CAJA,,1600,14500,,,110000,bulto x 100,,1693,TRUE
H1-1695,"Cajita FELIZ (14x16x10,5) El camino lisa o 4 diseños",BOMBONERA - ESTUCHE - TORTERA - CAJA,,700,5500,,,45000,Bulto x 100,,1695,TRUE
H1-1696,"Cajita Feliz (15x9x10) LUISITO lisas, rayas y lunares",BOMBONERA - ESTUCHE - TORTERA - CAJA,,700,5000,,,33000,Bulto x 100,,1696,TRUE
H1-1697,Cajita Feliz de colores lunares chicos blancos PROMOOOOO,BOMBONERA - ESTUCHE - TORTERA - CAJA,,,4000,,,38000,Bulto x 100,,1697,TRUE
H1-1698,"Cajita Feliz (15x9x10) LUISITO Personajes,",BOMBONERA - ESTUCHE - TORTERA - CAJA,,800,6000,,,43000,Bulto x 100,,1698,TRUE
H1-1699,Cajita Feliz (15x9x10) LUISITO blanca,BOMBONERA - ESTUCHE - TORTERA - CAJA,,600,4500,,,27000,Bulto x 100,,1699,TRUE
H1-1700,Cajita Feliz (15x9x10) LUISITO KRAFT,BOMBONERA - ESTUCHE - TORTERA - CAJA,,700,5500,,,43000,Bulto x 100,,1700,TRUE
H1-1701,Cajita feliz (15x9x10) Feliz Dia Campeon (ARG),BOMBONERA - ESTUCHE - TORTERA - CAJA,,900,7000,,,59000,Bulto x 100,,1701,TRUE
H1-1702,"Cajita Feliz XL lisa, rayada, flores (verde, lavanda, naranja y amari) 18x11x15 PROMO",BOMBONERA - ESTUCHE - TORTERA - CAJA,,700,5000,,,43000,Bulto x 100,,1702,TRUE
H1-1703,Cajita Feliz Futbolera 3D (12x8x6) LIQUIDACION,BOMBONERA - ESTUCHE - TORTERA - CAJA,,300,2000,,,16000,Bulto x 100,,1703,TRUE
H1-1705,Camisetas Futbol LIQUIDACION,BOMBONERA - ESTUCHE - TORTERA - CAJA,,300,2000,,,16000,Bulto x 100,,1705,TRUE
H1-1706,"Cajita Golosinera (15,5x13x3,7)",BOMBONERA - ESTUCHE - TORTERA - CAJA,,300,2500,11800,,21000,Bulto x 100,,1706,TRUE
H1-1707,Carteritas,BOMBONERA - ESTUCHE - TORTERA - CAJA,,300,,,,,Bulto x 100,,1707,TRUE
H1-1708,Jaulitas,BOMBONERA - ESTUCHE - TORTERA - CAJA,,750,4140,,,62000,Bulto x 100,x 10: x 6 $ 4140,1708,TRUE
H1-1709,"Canastitas (7,5x7,5x9)",BOMBONERA - ESTUCHE - TORTERA - CAJA,,550,2910,,,43000,Bulto x 100,x 10: x 6 $ 2910,1709,TRUE
H1-1710,Cajas Hornitos para un cupcakes,BOMBONERA - ESTUCHE - TORTERA - CAJA,,500,4500,,,40000,Bulto x 100,,1710,TRUE
H1-1712,"Caja Hamburguesa Kraft o impresa (11,5x11,5x7)",BOMBONERA - ESTUCHE - TORTERA - CAJA,,,,,,,Bulto x 100,,1712,TRUE
H1-1714,Caja Burguer & Papas blanca 20x13x9,BOMBONERA - ESTUCHE - TORTERA - CAJA,,400,2500,,,18000,Bulto x 100,,1714,TRUE
H1-1716,"Bandeja delivery Chica Kraft ( 13x10,5x3,5)",BOMBONERA - ESTUCHE - TORTERA - CAJA,,400,2500,,15000,60000,Bulto x 500,,1716,TRUE
H1-1717,"Bandeja delivery Grande Kraft (17x10,5x3,5)",BOMBONERA - ESTUCHE - TORTERA - CAJA,,500,3000,,,70000,Bulto x 500,,1717,TRUE
H1-1718,Bandeja para hamburguesas y papas blanca (23x13x7),BOMBONERA - ESTUCHE - TORTERA - CAJA,,500,3000,,,86000,Bulto x 500,,1718,TRUE
H1-1720,Caja Blanca con visor Corazon ( 12x7x12),BOMBONERA - ESTUCHE - TORTERA - CAJA,,600,4500,,,40000,Bulto x 100,,1720,TRUE
H1-1721,"Caja Taza Aqua y rosa con visor (10x10,5x10,5)",BOMBONERA - ESTUCHE - TORTERA - CAJA,,700,5500,,,40000,Bulto x 100,,1721,TRUE
H1-1722,"Caja Taza Blanca con visor (10x10,5x10,5)",BOMBONERA - ESTUCHE - TORTERA - CAJA,,700,5500,,,40000,Bulto x 100,,1722,TRUE
H1-1723,"Caja Taza Blanca sublimable (10x10,5x10,5)",BOMBONERA - ESTUCHE - TORTERA - CAJA,,700,5200,,,45000,Bulto x 100,,1723,TRUE
H1-1725,"Caja Taza impr/ Feliz Dia (10x10,5x10,5)",BOMBONERA - ESTUCHE - TORTERA - CAJA,,800,6500,,,55000,Bulto x 100,,1725,TRUE
H1-1726,"Caja Taza Amor (10x10,5x10,5)",BOMBONERA - ESTUCHE - TORTERA - CAJA,,800,6500,,,55000,Bulto x 100,,1726,TRUE
H1-1728,"Caja Lechera colores lisos (blanca,aqua, rosa y lila )",BOMBONERA - ESTUCHE - TORTERA - CAJA,,600,4500,,,27000,Bulto x 100,,1728,TRUE
H1-1730,Base porta cupcakes individual (para pirotin n°10),BOMBONERA - ESTUCHE - TORTERA - CAJA,,500,3000,,,22000,Bulto x 100,,1730,TRUE
H1-1732,Cajas porta Cupcakes sin Ventana (8x8x8),BOMBONERA - ESTUCHE - TORTERA - CAJA,,300,2600,12000,,23000,Bulto x 100,,1732,TRUE
H1-1733,Cajas porta Cupcakes impreso con Ventana (8x8x8),BOMBONERA - ESTUCHE - TORTERA - CAJA,,400,3500,16000,,30000,Bulto x 100,,1733,TRUE
H1-1735,Cajas porta Cupcakes 1 Blanca c/ ventana (Luisito) (9x9x10),BOMBONERA - ESTUCHE - TORTERA - CAJA,,800,6500,,,43000,Bulto x 100,,1735,TRUE
H1-1736,Cajas porta Cupcakes 1 Impresa c/ ventana (Luisito) (9x9x10),BOMBONERA - ESTUCHE - TORTERA - CAJA,,700,5500,,,43000,Bulto x 100,,1736,TRUE
H1-1738,"Caja Cupcakes individual Blanca (10x10x10,5)",BOMBONERA - ESTUCHE - TORTERA - CAJA,,800,6000,,,43000,Bulto x 100,,1738,TRUE
H1-1739,"Caja Cupcakes individual Imp y FELIZ DIA (10x10x10,5)",BOMBONERA - ESTUCHE - TORTERA - CAJA,,800,6500,,,49000,Bulto x 100,,1739,TRUE
H1-1740,"Caja Cupcake individual AMOR (10x10x10,5)",BOMBONERA - ESTUCHE - TORTERA - CAJA,,800,6500,,,49000,Bulto x 100,,1740,TRUE
H1-1742,"Cajas Cupcakes p/ 2 unid c/ visor Impre (6 diseños ) ""DP""",BOMBONERA - ESTUCHE - TORTERA - CAJA,,1300,11500,,,,Bulto x 100,,1742,TRUE
H1-1744,Cajas para Cupcakes para 4 unid c/ visor Blanca (19x19x10),BOMBONERA - ESTUCHE - TORTERA - CAJA,,1300,11000,,,86000,Bulto x 100,,1744,TRUE
H1-1745,Cajas para Cupcakes para 4 unid c/ visor FULL COLOR,BOMBONERA - ESTUCHE - TORTERA - CAJA,,1600,14000,,,120000,Bulto x 100,,1745,TRUE
H1-1747,"Cajas Cupcakes p/ 6 unid Microcorrugado sin visor (26x19x9,5)",BOMBONERA - ESTUCHE - TORTERA - CAJA,,900,7500,31500,,56000,Bulto x 100,,1747,TRUE
H1-1748,Cajas Cupcakes p/ 6 unid c/ visor BLANCA (Luisito) (26x17x9),BOMBONERA - ESTUCHE - TORTERA - CAJA,,1300,11500,,,90000,Bulto x 100,,1748,TRUE
H1-1749,"Cajas Cupcakes p/ 6 unid c/ visor Impre (6 diseños ) ""DP""",BOMBONERA - ESTUCHE - TORTERA - CAJA,,1500,13000,,,110000,Bulto x 100,,1749,TRUE
H1-1750,Cajas Cupcakes p/ 6 unid dorada/plateada c/ visor (22x17.5x10),BOMBONERA - ESTUCHE - TORTERA - CAJA,,,,,,,,,1750,TRUE
H1-1752,Cajas Cupcakes p/ 12 unidades Microcorrugado (26x38x10),BOMBONERA - ESTUCHE - TORTERA - CAJA,,1000,8500,40000,,70000,Bulto x 100,,1752,TRUE
H1-1753,Cajas Cupcakes p/ 12 unidades Microcorrugado con visor (26x38x10),BOMBONERA - ESTUCHE - TORTERA - CAJA,,1600,14500,66000,,120000,Bulto x 100,,1753,TRUE
H1-1754,Cajas Cupcakes p/ 12 unid c/ visor BLANCA o imp (Luisito) (34x26x9) 2 piezas,BOMBONERA - ESTUCHE - TORTERA - CAJA,,2200,20500,,,170000,Bulto x 100,,1754,TRUE
H1-1755,Cajas Cupcakes p/ 12 unid c/ visor BLANCA o imp (Luisito) (34x26x9) 1 pieza,BOMBONERA - ESTUCHE - TORTERA - CAJA,,1900,17000,,,135000,Bulto x 100,,1755,TRUE
H1-1756,"Cajas Cupcakes p/12 unid c/ visor Impre (6 diseños) ""DP""",BOMBONERA - ESTUCHE - TORTERA - CAJA,,1900,17000,,,160000,Bulto x 100,,1756,TRUE
H1-1757,Cajas Cupcakes p/ 12 unid Dorada/Plateada c/ visor (28.5x21.5x10),BOMBONERA - ESTUCHE - TORTERA - CAJA,,,,,,,,"Bulto: ,",1757,TRUE
H1-1759,Caja Shots x 12 blanca visor (27x20x7),BOMBONERA - ESTUCHE - TORTERA - CAJA,,1400,12000,,,91000,Bulto x 100,,1759,TRUE
H1-1761,"Caja Periquita (26x19x9,5) (cupackes de 6 sin division)",BOMBONERA - ESTUCHE - TORTERA - CAJA,,800,6000,27500,,47000,Bulto x 100,,1761,TRUE
H1-1763,Caja Archivo apilable con tapa y manija (30x40x21) ( 2 piezas),BOMBONERA - ESTUCHE - TORTERA - CAJA,,2300,20000,89700,,160000,x 100 unid,,1763,TRUE
H1-1765,Caja Archivo microcorrugado (26x38x10) (1 pieza),BOMBONERA - ESTUCHE - TORTERA - CAJA,,1000,8000,35000,,62000,Bulto x 100,,1765,TRUE
H1-1766,Caja Archivo microcorrugado con visor (26x38x10),BOMBONERA - ESTUCHE - TORTERA - CAJA,,1200,10000,47000,,82000,Bulto x 100,,1766,TRUE
H1-1768,Divisor cajas cupcakes rustico,BOMBONERA - ESTUCHE - TORTERA - CAJA,,150,1000,,,7700,bulto x 100,,1768,TRUE
H1-1770,Caja para sandwich de miga (Torta 30 M/M) (30x30x12),BOMBONERA - ESTUCHE - TORTERA - CAJA,,1200,10000,45000,,80000,Bulto x 100,,1770,TRUE
H1-1772,Cajas PARTY (8x8x11),BOMBONERA - ESTUCHE - TORTERA - CAJA,,300,2500,,,22000,Bulto x 100,,1772,TRUE
H1-1773,Cajas PARTY CORAZON,BOMBONERA - ESTUCHE - TORTERA - CAJA,,450,4000,,,35000,Bulto x 100,,1773,TRUE
H1-1775,Corazones Matalizados Estuche (17x17x4),BOMBONERA - ESTUCHE - TORTERA - CAJA,,700,6650,,,49000,Bulto x 100,,1775,TRUE
H1-1777,"Estuches Metalizados N°1 (4,8x4,8cm)",BOMBONERA - ESTUCHE - TORTERA - CAJA,,350,3000,,,25000,Bulto x 100,,1777,TRUE
H1-1778,"Estuches Metalizados N°2 (7,5x7,5 cm)",BOMBONERA - ESTUCHE - TORTERA - CAJA,,500,4300,,,38000,Bulto x 100,,1778,TRUE
H1-1780,"Estuches Hologramado N°1 (4,8x4,8 cm)",BOMBONERA - ESTUCHE - TORTERA - CAJA,,400,3100,,,27000,Bulto x 100,,1780,TRUE
H1-1781,"Estuches Hologramado N°2 (7,5x7,5 Cm)",BOMBONERA - ESTUCHE - TORTERA - CAJA,,800,7500,,,66000,Bulto x 100,,1781,TRUE
H1-1783,Corazones Metalizados c/ cinta GRANDES,BOMBONERA - ESTUCHE - TORTERA - CAJA,,500,4400,,,39000,Bulto x 100,,1783,TRUE
H1-1784,Corazones Metalizados c/ cinta CHICOS,BOMBONERA - ESTUCHE - TORTERA - CAJA,,450,3900,,,35000,Bulto x 100,,1784,TRUE
H1-1786,Porta conos y cupcakes p/ 10 unid.con Base,BOMBONERA - ESTUCHE - TORTERA - CAJA,,4000,,,,,,,1786,TRUE
H1-1787,Torre porta cupcakes 3 bandejas,BOMBONERA - ESTUCHE - TORTERA - CAJA,,4000,,,,,,,1787,TRUE
H1-1788,Torre porta cupcakes con ondas,BOMBONERA - ESTUCHE - TORTERA - CAJA,,4000,,,,,,,1788,TRUE
H1-1790,"Caja porcion torta individual con manija y ventana 13x13x13 ""DP""",BOMBONERA - ESTUCHE - TORTERA - CAJA,,1200,10500,49000,,87000,Bulto x 100,,1790,TRUE
H1-1792,Caja porcion torta (4 diseños),BOMBONERA - ESTUCHE - TORTERA - CAJA,,700,5500,,,48000,Bulto x 10 paq x 10 unid,,1792,TRUE
H1-1793,Caja porcion torta Blanca,BOMBONERA - ESTUCHE - TORTERA - CAJA,,600,4700,,,37500,Bulto x 10 paq x 10 unid,,1793,TRUE
H1-1795,Porta panchos cartulina Laqueada,BOMBONERA - ESTUCHE - TORTERA - CAJA,,100,500,,,,,,1795,TRUE
H1-1797,Banderin PELOTA LIQUIDACION,BOMBONERA - ESTUCHE - TORTERA - CAJA,,1000,,,,60000,x 100,,1797,TRUE
H1-1798,BANDERINES Full Color,BOMBONERA - ESTUCHE - TORTERA - CAJA,,2000,,,,160000,x 100,,1798,TRUE
H1-1799,"Banderin ""Feliz Cumple""",BOMBONERA - ESTUCHE - TORTERA - CAJA,,1500,,,,120000,x 100,,1799,TRUE
H1-1800,Estandarte Full Color,BOMBONERA - ESTUCHE - TORTERA - CAJA,,2000,,,,160000,x 100,,1800,TRUE
H1-1803,Caja blanca con visor superior (luisito) (13x19x13),BOMBONERA - ESTUCHE - TORTERA - CAJA,,700,5000,,,,Bulto x 100 u,,1803,TRUE
H1-1805,"Caja Para difusores/Aromatizador con ventana sin pvc (6,5x6,5x25)",BOMBONERA - ESTUCHE - TORTERA - CAJA,,650,6000,29000,,52000,Bulto x 100 u,,1805,TRUE
H1-1807,20x20x10,CAJAS EMBALAJE (packs x 25 unid),,500,4000,,33000,290000,x 1000 unid,,1807,TRUE
H1-1808,30x20x20,CAJAS EMBALAJE (packs x 25 unid),,700,5000,,45000,400000,x 1000 unid,,1808,TRUE
H1-1809,30x30x30,CAJAS EMBALAJE (packs x 25 unid),,1000,8000,,75000,670000,x 1000 unid,,1809,TRUE
H1-1810,40x30x30,CAJAS EMBALAJE (packs x 25 unid),,1500,12000,,100000,900000,x 1000 unid,,1810,TRUE
H1-1811,50x40x30,CAJAS EMBALAJE (packs x 25 unid),,1700,15500,,143000,1300000,x 1000 unid,,1811,TRUE
H1-1812,50x40x40,CAJAS EMBALAJE (packs x 25 unid),,1900,17000,,150000,1350000,x 1000 unid,,1812,TRUE
H1-1813,60x40x40,CAJAS EMBALAJE (packs x 25 unid),,2000,18000,,,,x 1000 unid,,1813,TRUE
H1-1815,9 x 9 x 5,CAJAS DECORATIVAS,,1300,,,,100000,x 100 unid,,1815,TRUE
H1-1816,10 x 10 x 14,CAJAS DECORATIVAS,,1700,,,,150000,x 100 unid,,1816,TRUE
H1-1817,15 x 10 x 5,CAJAS DECORATIVAS,,1700,,,,145000,x 100 unid,,1817,TRUE
H1-1818,20 x 16 x 6,CAJAS DECORATIVAS,,2000,,,,170000,x 100 unid,,1818,TRUE
H1-1819,30 x 20 x 14,CAJAS DECORATIVAS,,2800,,,,240000,x 100 unid,,1819,TRUE
H1-1820,35 x 25 x 10,CAJAS DECORATIVAS,,3300,,,,290000,x 100 unid,,1820,TRUE
H1-1821,35 x 25 x 16,CAJAS DECORATIVAS,,3500,,,,310000,x 100 unid,,1821,TRUE
H1-1822,40 x 28 x 17,CAJAS DECORATIVAS,,3900,,,,340000,x 100 unid,,1822,TRUE
H1-1824,Caja Desayuno/Postre Con visor (Linea Vintage) 25x25x6 DP,DIA DE LA MADRE,,2000,18000,79500,,141000,x 100 unid,,1824,TRUE
H1-1825,Caja Desayuno/Postre Con visor (Linea Vintage) 25x25x9 DP,DIA DE LA MADRE,,2200,20000,93500,,166000,x 100 unid,,1825,TRUE
H1-1826,Caja Desayuno/Postre Con visor (Linea Vintage) 25x25x12 DP,DIA DE LA MADRE,,2400,22500,105300,,187000,x 100 unid,,1826,TRUE
H1-1827,Caja Desayuno/Postre Con visor (Linea Vintage) 25x25x17 DP,DIA DE LA MADRE,,3000,28500,135200,,240000,x 100 unid,,1827,TRUE
H1-1829,"Masas / cookies 1/4 con ventana (Linea Vintage) 12,5x17,5x5",DIA DE LA MADRE,,1100,9000,41000,,73000,x 100 unid,,1829,TRUE
H1-1830,"Masas / cookies 1/2 con ventana (Linea Vintage) 17,5x22x5",DIA DE LA MADRE,,1300,11500,51500,,92000,x 100 unid,,1830,TRUE
H1-1832,"Masas / cookies 1/2 Sin ventana (Linea Vintage) 22x17,5x5",DIA DE LA MADRE,,1200,10500,47000,,84000,x 100 unid,,1832,TRUE
H1-1833,"Masas / cookies 1/2 Tapa PVC (Linea Vintage) 17,5x22x5",DIA DE LA MADRE,,1500,13000,59000,,104000,x 100 unid,,1833,TRUE
H1-1835,"Cupcakes x 2 con ventana (Linea Vintage) 12,5x17,5x10",DIA DE LA MADRE,,1500,13000,59700,,106000,x 100 unid,,1835,TRUE
H1-1836,Cupcakes x 6 con ventana (Linea Vintage) 17x22x10,DIA DE LA MADRE,,1700,15500,70600,,125000,x 100 unid,,1836,TRUE
H1-1838,"Macaron 1 pieza (linea Vintage) 5x5x22,5",DIA DE LA MADRE,,1000,7500,31000,,55000,x 100 unid,,1838,TRUE
H1-1840,"Desayuno Chico Con Ventana (Linea Vintage) 17,5x12,5x10",DIA DE LA MADRE,,1400,12000,54000,,96000,x 100 unid,,1840,TRUE
H1-1841,"Desayuno Mediano Con Ventana (Linea Vintage) 22x17,5x10",DIA DE LA MADRE,,1600,14500,65600,,116000,x 100 unid,,1841,TRUE
H1-1842,"Desayuno Mediano SIN Ventana (Linea Vintage) 22x17,5x10",DIA DE LA MADRE,,1500,13500,61000,,108000,x 100 unid,,1842,TRUE
H1-1844,Tags Linea Vintage (pack x 25),DIA DE LA MADRE,,200,3000,,,80000,x 1000 unid,x 10: pack x 25 $3000,1844,TRUE
H1-1847,Mega Box Premium (Linea Marruecos) 30x25x10,DIA DE LA MADRE,,,,,,,x 100 unid,,1847,TRUE
H1-1848,Box multiuso con visor + tag (linea Marruecos),DIA DE LA MADRE,,900,7000,32000,,57000,x 100 unid,,1848,TRUE
H1-1850,Box mesa dia de la madre Stamping Holografico 26x17x8,DIA DE LA MADRE,,1900,17000,80000,,145000,x 100 unid,,1850,TRUE
H1-1851,Box mesa chico Sweet Pack 26x17x8,DIA DE LA MADRE,,1600,14000,65500,,120000,x 100 unid,,1851,TRUE
H1-1852,Box mesa grande Sweet Pack 30x25x8,DIA DE LA MADRE,,1900,17000,80000,,145000,x 100 unid,,1852,TRUE
H1-1854,Desayuno visor corazon Mamá 34x29x12 (base micro),DIA DE LA MADRE,,1700,15000,70000,,125000,x 100 unid,,1854,TRUE
H1-1856,Tags Corazon mamá,DIA DE LA MADRE,,200,3000,,9000,80000,bulto x 1000,x 10: x 25 u $ 3000,1856,TRUE
H1-1857,Tags circular Flor,DIA DE LA MADRE,,200,3000,,9100,80000,x 1000 unid,x 10: x 25 u $ 3000,1857,TRUE
H1-1859,Bolsa Sweet + Tag Flor -impresión full color con detalles dorados (23x11x30),DIA DE LA MADRE,,1100,9500,,,85000,x 100 unid,,1859,TRUE
H1-1860,Papel regalo 70x100 cm papel ilustracion 90 grs impresión 2 colores,DIA DE LA MADRE,,700,5200,,,46000,x 100 unid,,1860,TRUE
H1-1864,Box sin visor Diseño HOJAS 26x17x9,EDICIONES AÑOS ANTERIORES (liquidacion hasta agotar stock),,,,,,,Bulto x 100,,1864,TRUE
H1-1865,Linea Diseño FLORAL desayuno 30x30x12,EDICIONES AÑOS ANTERIORES (liquidacion hasta agotar stock),,1500,12500,,,110000,Bulto x 100,,1865,TRUE
H1-1866,Mini maletin floral con visor (13x11x9),EDICIONES AÑOS ANTERIORES (liquidacion hasta agotar stock),,500,4200,,,,Bulto x 100,,1866,TRUE
H1-1868,"Caja para Masas/Donas/Cookies con visor 1/4 (17,5x12,5x5) Impresa FELIZ DIA",EDICIONES AÑOS ANTERIORES (liquidacion hasta agotar stock),,800,6000,,,,Bulto x 100,,1868,TRUE
H1-1869,Caja para Masas/Donas/Cookies con visor 1/2 (22x17.5x5) Impresa FELIZ DIA,EDICIONES AÑOS ANTERIORES (liquidacion hasta agotar stock),,1000,8000,,,,Bulto x 100,,1869,TRUE
H1-1870,Caja para Masas/Donas/Cookies con visor 1 Kg ( 28.5x21.5x5.5) Impresa FELIZ DIA,EDICIONES AÑOS ANTERIORES (liquidacion hasta agotar stock),,1300,11000,,,,Bulto x 100,,1870,TRUE
H1-1872,"Cajas Desayunos con visor Impresa FELIZ DIA chica (17,5x12,5x10) DP",EDICIONES AÑOS ANTERIORES (liquidacion hasta agotar stock),,1000,8500,,,,Bulto x 100,,1872,TRUE
H1-1873,"Cajas Desayunos con visor Impresa FELIZ DIA mediana (22x17,5x10) DP",EDICIONES AÑOS ANTERIORES (liquidacion hasta agotar stock),,1200,10000,,,,Bulto x 100,,1873,TRUE
H1-1874,"Cajas Desayunos con visor Impresa FELIZ DIA Grande (28,5x21,5x10) DP",EDICIONES AÑOS ANTERIORES (liquidacion hasta agotar stock),,1600,14000,,,,Bulto x 100,,1874,TRUE
H1-1875,Cajas Desayunos con visor Impresa FELIZ DIA XL (32x25x10) DP,EDICIONES AÑOS ANTERIORES (liquidacion hasta agotar stock),,2000,18000,,,,,,1875,TRUE
H1-1877,Box Smoking 21x11x6 interior simple,DIA DEL PADRE,,1500,13500,62000,,110000,Bulto x 100,,1877,TRUE
H1-1878,Box Smoking 21x11x6 interior doble,DIA DEL PADRE,,1600,14000,64500,,115000,Bulto x 100,,1878,TRUE
H1-1880,Bolsa Smoking 18x23x11,DIA DEL PADRE,,1400,12000,52500,,95000,Bulto x 100,,1880,TRUE
H1-1882,Box Gracias Pá 20x20x10,DIA DEL PADRE,,1400,12500,58000,,105000,Bulto x 100,,1882,TRUE
H1-1884,"Box Picadoneta 42x32,5x9",DIA DEL PADRE,,3500,32500,,,290000,Bulto x 100,,1884,TRUE
H1-1886,Box papá campeon 12x12x10,DIA DEL PADRE,,800,6500,28000,,50000,Bulto x 100,,1886,TRUE
H1-1887,Box papá campeon 25x25x10,DIA DEL PADRE,,,,,,,Bulto x 100,,1887,TRUE
H1-1889,Box siempre Argentina 33x22x5,DIA DEL PADRE,,1600,14000,65000,,115000,Bulto x 100,,1889,TRUE
H1-1891,Cajitas Feliz Campeones 15x10x9,DIA DEL PADRE,,600,4500,19000,,34000,Bulto x 100,,1891,TRUE
H1-1893,"Caja patria Bandera masas 1/2 (17,5x22x5)",DIA DEL PADRE,,1600,14000,61800,,110000,Bulto x 100,,1893,TRUE
H1-1894,"Caja Patria Bandera Desayuno mediano (17,5x22x10)",DIA DEL PADRE,,1700,15000,69000,,125000,Bulto x 100,,1894,TRUE
H1-1896,"Box Mini con Sol de Mayo dorado (10x10x8) Blanca, Negra y Manteca",DIA DEL PADRE,,800,6500,29300,,52000,Bulto x 100,,1896,TRUE
H1-1897,"Box Alfajor con sol de Mayo dorado (14x20x4) Blanca, Negra y Manteca",DIA DEL PADRE,,800,6500,29300,,52000,Bulto x 100,,1897,TRUE
H1-1898,"Lingote Grande Bajo con Sol de Mayo dorado (15x30x6) Blanca, Negra y Manteca",DIA DEL PADRE,,1600,14000,61800,,110000,Bulto x 100,,1898,TRUE
H1-1899,"Masas 1/4 Con Sol de Mayo Dorado (12,5x17,5x5) Blanca, Negra y Manteca",DIA DEL PADRE,,1000,8000,36000,,64000,Bulto x 100,,1899,TRUE
H1-1900,"Desayuno Chico con Sol de Mayo Dorado (12,5x17,5x10) Blanca, Negra y Manteca",DIA DEL PADRE,,1300,11000,49000,,90000,Bulto x 100,,1900,TRUE
H1-1902,"Postre Sol de Mayo dorado 20x20x6 Blanca, Negra y Manteca",DIA DEL PADRE,,1300,11000,49000,,90000,Bulto x 100,,1902,TRUE
H1-1903,"Postre Sol de Mayo dorado 20x20x12 Blanca, Negra y Manteca",DIA DEL PADRE,,1400,12500,58500,,105000,Bulto x 100,,1903,TRUE
H1-1905,Caja Selección de campeones (Elc) (27x18x9),DIA DEL PADRE,,1300,11000,23750,,85000,Bulto x 100,x 50: x 25u $23750,1905,TRUE
H1-1907,Box Viñedo para vino (con stamping negro y laminado mate) 31x17x9,DIA DEL PADRE,,2800,,,,,Bulto x 100,,1907,TRUE
H1-1909,Box dia del padre con visor y postal (22x22x9),DIA DEL PADRE,,1300,11500,51000,,90000,Bulto x 100,,1909,TRUE
H1-1911,Box Mesa 26x17x8,DIA DEL PADRE,,1800,16500,76500,,135000,Bulto x 100,,1911,TRUE
H1-1913,"Box Multiuso Feliz Día Azul con stamping plata (20x10,5x5,5)",DIA DEL PADRE,,1100,9000,42000,,75000,Bulto x 100,,1913,TRUE
H1-1915,Caja Estuche Alfa 21x11x6 con o sin divisiones,DIA DEL PADRE,,900,7500,,,,Bulto x 100,,1915,TRUE
H1-1916,"Caja estuche Alfa 21x11x6 con doble division ""Felicidades dorado""",DIA DEL PADRE,,1000,8500,,,,Bulto x 100,,1916,TRUE
H1-1918,"Desayuno Grande SIN ventana Verde impresa (28,5x21,5x10)",DIA DEL PADRE,,1000,,,,,Bulto x 100,,1918,TRUE
H1-1920,"Desayuno Grande CON ventana Negra impresa (28,5x21,5x10)",DIA DEL PADRE,,,,,,,Bulto x 100,,1920,TRUE
H1-1921,"Desayuno Mediana CON ventana Azul impresa (22x17,5x10)",DIA DEL PADRE,,1100,,,,,Bulto x 100,,1921,TRUE
H1-1923,"Masas 1 kg CON ventana Negra (28,5x21,5x5,5)",DIA DEL PADRE,,1200,10000,,,,Bulto x 100,,1923,TRUE
H1-1924,"Masas 1/2 kg SIN Ventana Verde (22x17,5x5)",DIA DEL PADRE,,800,,,,,Bulto x 100,,1924,TRUE
H1-1926,Mini Box Papá (20x11x6) Stamping Bronce Nacho,DIA DEL PADRE,,700,5000,,,,Bulto x 100,,1926,TRUE
H1-1928,"Cajas Desayunos SIN visor (17,5x12,5x10) DP negra feliz dia padre azul",DIA DEL PADRE,,900,,,,,,,1928,TRUE
H1-1929,"Cajas Desayunos SIN visor (22x17,5x10) DP negra feliz dia padre azul",DIA DEL PADRE,,1100,,,,,,,1929,TRUE
H1-1930,"Cajas Desayunos SIN visor (28,5x21,5x10) DP negra feliz dia padre azul",DIA DEL PADRE,,1300,,,,,,,1930,TRUE
H1-1934,Mini Maletin Hallowen con visor (13xx11x9),HALLOWEEN,,500,4200,,,,Bulto x 100,,1934,TRUE
H1-1935,Cajita feliz hallowen (15x10x9),HALLOWEEN,,600,4500,,,,Bulto x 100,,1935,TRUE
H1-1937,Caja calabaza diseño Halloween (blanca o naranja) 8x8x6,HALLOWEEN,,400,2000,9300,,16500,Bulto x 100,,1937,TRUE
H1-1939,"Box Mounstro Halloween 10x10,5x10,5",HALLOWEEN,,800,6000,26500,,47000,Bulto x 100,,1939,TRUE
H1-1941,"Caja mini lechera Halloween 8x8x7,5",HALLOWEEN,,600,4500,17000,,30000,Bulto x 100,,1941,TRUE
H1-1943,Sobre Halloween 13x19 paq x 10 unid,HALLOWEEN,,1500,10000,,,20000,caja x 25 paq x 10,,1943,TRUE
H1-1945,Pirotines,HALLOWEEN,,700,,,,,,,1945,TRUE
H1-1947,Sobres fb,HALLOWEEN,,,1800,,15000,,,,1947,TRUE
H1-1949,Mini Maletin Dulzura con visor (13xx11x9),SEMANA DE LA DULZURA,,500,4200,,,,Bulto x 100,,1949,TRUE
H1-1950,Caja sorpresa Dulzura (16x19x10),SEMANA DE LA DULZURA,,600,,,,,Bulto x 100,,1950,TRUE
H1-1952,Kioskito (11 x 8 x 6),SEMANA DE LA DULZURA,,2000,15000,,,,,,1952,TRUE
H1-1953,Mini Cajita con visor (14x10x5),SEMANA DE LA DULZURA,,2500,20000,,,,,,1953,TRUE
H1-1955,"Mini Box dia de Amigo (18,5x12x7)",DIA DEL AMIGO,,800,6000,25500,,45000,Bulto x 100,,1955,TRUE
H1-1956,Box Amistad con visor (20x11x6) (2024),DIA DEL AMIGO,,800,6500,27000,,48000,Bulto x 100,,1956,TRUE
H1-1957,"Caja Fosforera Dia del amigo (Amigo fiel) (20x10,5x5)",DIA DEL AMIGO,,800,6000,25000,,44000,Bulto x 100,,1957,TRUE
H1-1958,"Caja Fosforera Dia del amigo (Magic) (20x10,5x5)",DIA DEL AMIGO,,800,6000,25000,,44000,Bulto x 100,,1958,TRUE
H1-1959,Caja Lechera,DIA DEL AMIGO,,600,5000,20000,,35000,Bulto x 100,,1959,TRUE
H1-1960,"Caja con tapa pvc lunares verde (25x25x7,5)",DIA DEL AMIGO,,800,6000,,,,,,1960,TRUE
H1-1962,Bolsa de regalo Premiun Azul y dorada + tag señalador 25x14x33cm,NAVIDAD,,1500,13000,,,115000,x100 unid,,1962,TRUE
H1-1963,Bolsa de regalo Premiun blanca y dorada + tag señalador 25x14x33cm,NAVIDAD,,1500,13000,,,115000,x100 unid,,1963,TRUE
H1-1965,Box regaleria azul tinta dorada + Tag señalador + liston dorado 15x15x10,NAVIDAD,,2000,18000,,,160000,x100 unid,,1965,TRUE
H1-1966,Box regaleria Blanco tinta dorada + Tag señalador + liston dorado 15x15x10,NAVIDAD,,2000,18000,,,160000,x100 unid,,1966,TRUE
H1-1968,Box regaleria azul tinta dorada + Tag señalador + liston dorado 25x25x10,NAVIDAD,,2300,21000,,,185000,x100 unid,,1968,TRUE
H1-1969,Box regaleria Blanco tinta dorada + Tag señalador + liston dorado 25x25x10,NAVIDAD,,2300,21000,,,185000,x100 unid,,1969,TRUE
H1-1971,Box regaleria azul tinta dorada / Blanco tinta dorada 22x11x5,NAVIDAD,,800,6500,,,60000,x100 unid,,1971,TRUE
H1-1973,Box regaleria azul tinta dorada / Blanco tinta dorada 33x11x5,NAVIDAD,,900,7500,,,70000,x100 unid,,1973,TRUE
H1-1975,Box regaleria azul tinta dorada / Blanco tinta dorada 33x22x5,NAVIDAD,,1200,10000,,,90000,x100 unid,,1975,TRUE
H1-1977,"Box Premium para copa y Vino ""Rios Y Leyendas""",NAVIDAD,,3700,35000,,,310000,x 100 unid,,1977,TRUE
H1-1979,Bolsas Golosineras (Kit Navidad Magica) x 24 unid 3 modelos + plancha stickers moño,NAVIDAD,,400,6300,,,550000,x 100 pack,x 10: pack x 24 $6300,1979,TRUE
H1-1981,"carta sobre azul o blanco 16x11,5",NAVIDAD,,400,3000,,,20000,x100 unid,,1981,TRUE
H1-1982,"Carta postal o carta querido Santa 16x11,5",NAVIDAD,,400,3000,,,20000,x100 unid,,1982,TRUE
H1-1984,Caja Pan Dulce 1/4 Messi,NAVIDAD,,700,5500,12000,,43000,x100 unid,x 50: x25 $12000,1984,TRUE
H1-1985,caja Pan Dulce 1/2 Messi,NAVIDAD,,900,8000,17250,,62000,x100 unid,x 50: x25 $17250,1985,TRUE
H1-1986,Budinera Dibu,NAVIDAD,,800,7000,14000,,52000,x100 unid,x 50: x25 $14000,1986,TRUE
H1-1988,Platos de Sitio (pack x 12 unid),NAVIDAD,,5000,47000,,,450000,x 100 packs,,1988,TRUE
H1-1990,Servilleta Navidad 33x33,NAVIDAD,,2000,16000,,,27000,caja x 18 und,,1990,TRUE
H1-1992,bolsa Kp 14x20,NAVIDAD,,800,6000,,,50000,X 100,,1992,TRUE
H1-1993,Bolsa Kp 22X30,NAVIDAD,,900,7000,,,60000,X 100,,1993,TRUE
H1-1994,Bolsa Kp 30X41,NAVIDAD,,1100,9500,,,80000,X 100,,1994,TRUE
H1-1997,"Caja Pan dulce individual 1/4 (10,5x10,5x11) lineas años anteriores",LINEA 2024,,500,4500,,,,Bulto x 100,,1997,TRUE
H1-1998,"Caja Pan dulce individual 1/2 (14,5x14,5x17,5) lineas años anteriores",LINEA 2024,,800,7000,,,,Bulto x 100,,1998,TRUE
H1-1999,Caja Pan dulce individual 1kg lineas años anteriores,LINEA 2024,,1000,8500,,,,,,1999,TRUE
H1-2001,"Casita Jengibre con cinta colgante 8x8x7,5",LINEA 2024,,400,3500,,,,Bulto x 100,,2001,TRUE
H1-2003,"Valija Premium Fiestas Bordo con visor y cinta colgante dorada 12,5x12,5x18",LINEA 2024,,1400,12500,58500,,103000,Bulto x 100,,2003,TRUE
H1-2005,Box Mesa Festiva 26x17x9,LINEA 2024,,1900,17000,,,,Bulto x 100,,2005,TRUE
H1-2007,Tags Estrella Navideña,LINEA 2024,,200,1500,,,,Bulto x 100,,2007,TRUE
H1-2009,tags x 36 unid,LINEA 2024,,4000,,,,,,,2009,TRUE
H1-2011,Banderin Navideño (8 papeltos +hilo),LINEA 2024,,3000,,,,,x 100 unid,,2011,TRUE
H1-2013,Individual Navideño ( tamañno A4),LINEA 2024,,400,3500,,,30000,x 100 unid,,2013,TRUE
H1-2015,Stickers navideño,LINEA 2024,,2000,15000,,,130000,x100,,2015,TRUE
H1-2017,"Carta Santa (14x19,5)",LINEA 2024,,300,2000,8500,15500,70000,x 500 unid,,2017,TRUE
H1-2019,Tulipas,LINEA 2024,,200,1000,4000,7500,66000,x 1000,,2019,TRUE
H1-2021,"Casita Dulce calada ""Mini Chica"" con cinta Dorada(10x9x9)",LINEA 2024,,700,5500,24000,,42000,bulto x 100,,2021,TRUE
H1-2022,"Casita Dulce calada ""Chica"" con cinta dorada (15x10x9)",LINEA 2024,,900,7500,31000,,56000,bulto x 100,,2022,TRUE
H1-2023,"Casita Dulce calada ""Mansion"" con cinta dorada (23x15x14)",LINEA 2024,,1600,14000,64500,,115000,bulto x 100,,2023,TRUE
H1-2025,Bolsa Friselina 45x40 con fuelle PROMO,LINEA 2024,,600,5000,,,40000,x 100 unid,,2025,TRUE
H1-2026,Bolsa Friselina 45x40 con fuelle inf/5 cm con asa Navideñas (Terlizzi) cod 23 / 60,LINEA 2024,,700,6000,26500,,47000,x caja de 100 unid,,2026,TRUE
H1-2027,Bolsa PLastica 45x60 manija riñon con fuelle inf/ 7 cm Navideñas (Terlizzi) cod 112,LINEA 2024,,500,4000,15500,29000,65000,x caja de 250 unid,,2027,TRUE
H1-2028,Bolsa Friselina 30x40 con fiuelle inf/ 5cm manija riñon Navideñas (Terlizzi) cod 113,LINEA 2024,,600,4000,16500,31500,56000,x caja de 200 unid,,2028,TRUE
H1-2031,"Linea Chin Chin Box Detalle (10x10x4) impresa ""el amor esta en los detalles""",LINEA 2024,,500,4000,,,,bulto x 100,,2031,TRUE
H1-2032,"Linea Chin Chin Box Brindis (21,5x28,5x5,5) impresa ""Vine para el brindis""",LINEA 2024,,1300,11500,,,,bulto x 100,,2032,TRUE
H1-2033,"Linea Chin Chin Box Presente (12,5x17,5x5) Impresa ""quiero estar presente""",LINEA 2024,,800,6500,,,,bulto x 100,,2033,TRUE
H1-2034,"Linea Chin Chin Box Corazon (18x18x10) Impresa ""Soy el corazon de la mesa""",LINEA 2024,,1400,12500,,,,bulto x 100,,2034,TRUE
H1-2036,"Separadores 10x4,5 cm",LINEA 2024,,150,1000,,,,x 1000 unid,,2036,TRUE
H1-2037,"Separadores 12x4,5 cm",LINEA 2024,,150,1000,,,,x 1000 unid,,2037,TRUE
H1-2038,"Separadores 21x4,8 cm",LINEA 2024,,200,1500,,,,x 1000 unid,,2038,TRUE
H1-2040,Sobres FB food Navideña,LINEA 2024,,,1800,,,,Caja x 1000,,2040,TRUE
H1-2041,Sobres FB food Navideña Stamping (brillosas),LINEA 2024,,,2200,,,,Caja x 500,,2041,TRUE
H1-2043,Papel Regalo Navideño 70x100 Muresco,LINEA 2024,,700,5500,,,47000,x 100 unid,,2043,TRUE
H1-2045,Cajas NAVIDEÑAS p/ 6 botellas 27x33x18 cm ECO,LINEA 2024,,1200,10000,,,80000,Bulto x 100,,2045,TRUE
H1-2046,Cajas NAVIDEÑAS p/ 6 botellas 27x33x18 cm ref Laminada,LINEA 2024,,,,,,,Bulto x 100,,2046,TRUE
H1-2047,Caja Navideña reforzada Premium Azul diseño exclusivo (30x20x35),LINEA 2024,,,,,,,Bulto x 100,,2047,TRUE
H1-2048,"Caja Box All Inclusive con manija y Ventana + base rigida ( 15x25x33,5)",LINEA 2024,,,,,,,Bulto x 100,,2048,TRUE
H1-2050,Mini Maletin (13x9x10),LINEA 2024,,600,4500,,,,x 100 unid,,2050,TRUE
H1-2052,Caja Cookie con visor estrella (10x10x5) dorada,LINEA 2024,,700,5600,,,,Bulto x 100,,2052,TRUE
H1-2054,Caja macarrons LUISITO Grande (7/8 unid) DORADA 21x5x5,LINEA 2024,,900,7000,,,,Bulto x 100,,2054,TRUE
H1-2056,Caja estrella Navideña 15x15x5,LINEA 2024,,400,2500,,,21000,x 100 unid,,2056,TRUE
H1-2058,Mini Box Navideño 6x6x11,LINEA 2024,,400,2000,,,,x 100 unid,,2058,TRUE
H1-2060,Cubo navideño 6x6x6,LINEA 2024,,400,2500,,,,,,2060,TRUE
H1-2061,Cubo navideño 9x9x9,LINEA 2024,,400,2800,,,,,,2061,TRUE
H1-2063,Caramelera Navideña 11x3x15,LINEA 2024,,300,2000,,,,x 100 unid,,2063,TRUE
H1-2065,"Caja Pan Dulce Individual Blanca con visor ""Luisito"" (10,5x10,5x11,5)",LINEA 2024,,700,5000,20000,,35000,Bulto x 100,,2065,TRUE
H1-2066,"Caja Pan Dulce para 1/2 Blanca con visor ""Luisito"" (14,5x14,5x17,5)",LINEA 2024,,900,7500,33000,,60000,Bulto x 100,,2066,TRUE
H1-2067,"Caja Pan Dulce de 1 kg Blanca con visor ""Luisito"" (17x17x20)",LINEA 2024,,1200,10000,41000,,75000,Bulto x 100,,2067,TRUE
H1-2069,Pan dulce 1/4 cubo con visor (DP),LINEA 2024,,700,5000,,,,x 100 unid,,2069,TRUE
H1-2070,Pan dulce 1/4,LINEA 2024,,400,3000,,,,,,2070,TRUE
H1-2071,"Pan Dulce 1/2 lisas sin visor dp negra, aqua o rosa chicle",LINEA 2024,,,,,,,,,2071,TRUE
H1-2072,Pan Dulce 1/2 navideña con visor,LINEA 2024,,,,,,,x 100 unid,,2072,TRUE
H1-2073,"Pan Dulce 1kg lisas sin visor dp negra, aqua o rosa chicle",LINEA 2024,,700,5500,,,,,,2073,TRUE
H1-2074,Pan dulce 1 kg (DP o Arbolito verdes),LINEA 2024,,900,7000,,,,,,2074,TRUE
H1-2075,Pan dulce 1 kg mini drip 15x15x20 DP,LINEA 2024,,1200,10000,,,,,,2075,TRUE
H1-2077,"Caja Pan dulce 1/2 ""El camino"" (14,5x14,5x17)",LINEA 2024,,800,3600,,,,,x 10: x 6 $ 3600,2077,TRUE
H1-2078,"Caja Pan Dulce 1 Kg ""El camino"" (17x17x20,5)",LINEA 2024,,900,4200,,,,,x 10: x 6 $ 4200,2078,TRUE
H1-2080,"Cajas Cupcakes p/ 2 unid c/ visor Impresa (17,5x12,5x10) chica",LINEA 2024,,800,6500,,,,,,2080,TRUE
H1-2081,Cajas Cupcakes p/ 6 unid c/ visor Impresa (17x22x10) mediana,LINEA 2024,,900,7500,,,,,,2081,TRUE
H1-2082,"Cajas Cupcakes p/ 12 unid c/ visor Impresa (21x28,5x10) Grande",LINEA 2024,,1400,12000,,,,,,2082,TRUE
H1-2084,"Caja Macaron 7/8 unid DP 1 pieza (22,5x5x5) navideña",LINEA 2024,,600,4000,,,,Bulto x 100,,2084,TRUE
H1-2086,"Caja para Macarrons Don Pack navideña (5,5x5,5x19)",LINEA 2024,,600,4000,,,,Bulto x 100,,2086,TRUE
H1-2088,"Porta Pan Dulce Kraft con Manija 1/2 kg (diametro 11,8 cm)",LINEA 2024,,600,5000,,,,Bulto x 100,,2088,TRUE
H1-2089,"Porta Pan Dulce Kraft con Manija 1 kg (diametro 14,8 cm)",LINEA 2024,,800,6000,,,,Bulto x 100,,2089,TRUE
H1-2091,"Caja Budin ""Impresa Dulce Navidad"" con visor (Luisito) (24x9,5x10)",LINEA 2024,,300,2500,,,,Bulto x 100,,2091,TRUE
H1-2092,"Caja Budin ""Impresa edicion 2021"" (Luisito) (24x9,5x10)",LINEA 2024,,300,2500,,,,Bulto x 100,,2092,TRUE
H1-2093,"Caja Budin 8,5x8,5x24 navideña con ventana ""DP"" ""promo""",LINEA 2024,,300,2500,,,,Bulto x 100,,2093,TRUE
H1-2094,"Caja Budin Estelar Kraft Felices Fiestas sin visor (24x9,5x10)",LINEA 2024,,300,2500,,,,Bulto x 100,,2094,TRUE
H1-2096,"Caja Lechera Estelar Kraft (9,5x9,5x17)",LINEA 2024,,250,2100,,,,Bulto x 100,,2096,TRUE
H1-2098,Box Multiuso Estelar Kraft (22x22x9),LINEA 2024,,,,,,,Bulto x 100,,2098,TRUE
H1-2100,Caja degustacion con relieve dorado 4 canales (25x20),LINEA 2024,,1500,13000,,,,Bulto x 100,,2100,TRUE
H1-2101,Caja degustacion con relieve dorado 6 canales (25x20),LINEA 2024,,1500,13000,,,,Bulto x 100,,2101,TRUE
H1-2103,Caja Postre 25x25x6 con tapa visor linea navideña,LINEA 2024,,800,6000,,,,x 100 unid,,2103,TRUE
H1-2104,Caja Postre 25x25x9 con tapa visor linea navideña,LINEA 2024,,1000,8000,,,,,,2104,TRUE
H1-2105,Caja Postre 25x25x12 con tapa visor linea navideña,LINEA 2024,,1200,10000,,,,x 100 unid,,2105,TRUE
H1-2106,Caja Postre 25x25x17 con tapa visor linea navideña,LINEA 2024,,1400,12500,,,,x 100 unid,,2106,TRUE
H1-2108,Caja Postre 25x25x6 tapa Roja o Verde impreso dorado,LINEA 2024,,1100,9000,,,,x 100 unid,,2108,TRUE
H1-2109,Caja Postre 25x25x9 tapa Roja o Verde impreso dorado,LINEA 2024,,1200,10000,,,,,,2109,TRUE
H1-2110,Caja Postre 25x25x12 tapa Roja o Verde impreso dorado,LINEA 2024,,1300,11500,,,,x 100 unid,,2110,TRUE
H1-2111,Caja Postre 25x25x17 tapa Roja o Verde impreso dorado,LINEA 2024,,1600,14000,,,,x 100 unid,,2111,TRUE
H1-2113,"Caja para Masas/Cookies c/ visor 1/4 (17,5x12,5x5) Navid-Deseos",LINEA 2024,,700,5500,,,,x 100 unid,,2113,TRUE
H1-2114,Caja para Masas/Cookies c/ visor 1/2 (22x17.5x5) Navid- Deseos,LINEA 2024,,800,6500,,,,x 100 unid,,2114,TRUE
H1-2115,Caja para Masas/Cookies c/ visor 1 Kg ( 28.5x21.5x5.5) Navid-Deseos,LINEA 2024,,1000,8000,,,,x 100 unid,,2115,TRUE
H1-2117,"Cajas Desayunos Sin Ventana ROJA o VERDE chica (17,5x12,5x10) DP",LINEA 2024,,800,6000,,,,x 100 unid,,2117,TRUE
H1-2118,"Cajas Desayunos Sin Ventana ROJA o VERDE mediana (22x17,5x10) DP",LINEA 2024,,900,7000,,,,x 100 unid,,2118,TRUE
H1-2119,"Cajas Desayunos Sin Ventana ROJA o VERDE Grande (28,5x21,5x10) DP",LINEA 2024,,1000,8500,,,,x 100 unid,,2119,TRUE
H1-2120,Cajas Desayunos Sin Ventana ROJA o VERDE XL (32x25x10) DP,LINEA 2024,,1200,10000,,,,x 100 unid,,2120,TRUE
H1-2122,"Cajas Desayunos con visor impresa Navideña/deseos chica (17,5x12,5x10) DP",LINEA 2024,,800,6500,,,,x 100 unid,,2122,TRUE
H1-2123,"Cajas Desayunos con visor impresa Navideña/deseos mediana (22x17,5x10) DP",LINEA 2024,,900,7500,,,,x 100 unid,,2123,TRUE
H1-2124,"Cajas Desayunos con visor impresa Navideña/deseos Grande (28,5x21,5x10) DP",LINEA 2024,,1200,10000,,,,x 100 unid,,2124,TRUE
H1-2125,Cajas Desayunos con visor impresa Navideña/deseos XL (32x25x10) DP,LINEA 2024,,1300,11500,,,,x 100 unid,,2125,TRUE
H1-2127,Caja Cubo con visor linea deseos / Navideño (10x10x10),LINEA 2024,,800,6000,,,,Bulto x 100,,2127,TRUE
H1-2128,Caja Individual con visor linea deseos / Navideño (10x10x4),LINEA 2024,,700,5000,,,,Bulto x 100,,2128,TRUE
H1-2130,Box con ventana Diseño Navideño (18x18x10),LINEA 2024,,800,6500,,,,x 100 unid,,2130,TRUE
H1-2132,"Caja Alfajor 1 pieza Navideña (22x6,5x6,5)",LINEA 2024,,700,5000,,,,x 100 unid,,2132,TRUE
H1-2133,Caja Alfajor de 12 unid (22x17x6),LINEA 2024,,600,4500,,,,x 100 unid,,2133,TRUE
H1-2135,"Caja para Tabletas de Chocolate 16x8x1,4 (11 colores)",LINEA 2024,,400,2500,,,,x 100 unid,,2135,TRUE
H1-2137,Caja Sorpresa (16x19x10) Roja felicidades,LINEA 2024,,700,5000,,,,x 100 unid,,2137,TRUE
H1-2138,Caja Sorpresa (24x24x10) Blanca felicidades,LINEA 2024,,800,6000,,,,x 100 unid,,2138,TRUE
H1-2140,Pirotin Navideño n10 (capuchon x 25 unid),LINEA 2024,,700,,,,,caja x 1000,,2140,TRUE
H1-2142,Mini Budin Navideño (capuchon x 15 unid),LINEA 2024,,1000,,,,,,,2142,TRUE
H1-2146,"Medio Huevo Autoarmable c/ visor (13,5x18x9) 12 a 16cm ""Linea Gourmet""",LINEA 2026,,1200,10500,49000,,86000,Bulto x 100 u,,2146,TRUE
H1-2147,"Medio Huevo Autoarmable sin visor (13,5x18x9) 12 a 16cm Stamping Oro",LINEA 2026,,,,,,,Bulto x 100 u,,2147,TRUE
H1-2149,"Box 1/2 huevo degustacion x 3 Blanco con visor (21x12x7) ""Linea Gourmet""",LINEA 2026,,900,7000,31500,,60000,Bulto x 100,,2149,TRUE
H1-2151,"Box medio Huevo degustacion x 5 Blanco 23x23x10 ""Linea Gourmet""",LINEA 2026,,1300,11500,52000,,93000,Bulto x 100,,2151,TRUE
H1-2152,"Box Multiuso apertura frontal con visor blanco 23x23x10 Rosca ""Linea Gourmet""",LINEA 2026,,1100,9000,41500,,74000,Bulto x 100,,2152,TRUE
H1-2154,"Caja 1/2 huevo mini 10 cm Blanco con visor (8,5x14x7) ""Linea Gourmet""",LINEA 2026,,600,4500,19000,,34000,bulto x 100,,2154,TRUE
H1-2156,Linea Amore de Familia Box Huevo entero 12 cm (10x10x15),LINEA 2026,,900,7500,35000,,61000,Bulto x 100,,2156,TRUE
H1-2157,Linea Amore de Familia Box Huevo entero 15 cm (12x12x18),LINEA 2026,,1100,9000,42500,,75000,Bulto x 100,,2157,TRUE
H1-2158,"Linea Amore de Familia Tableta de chocolate (8x15,5x1,5)",LINEA 2026,,600,4000,15600,,28000,Bulto x 100,,2158,TRUE
H1-2159,Linea Amore de Familia Box medio huevo degustacion x 5 (23x23x10),LINEA 2026,,1400,12500,58500,,105000,Bulto x 100,,2159,TRUE
H1-2160,Linea Amore de Familia Box Rosca de Pascuas (23x23x10),LINEA 2026,,1100,9000,42000,,75000,Bulto x 100,,2160,TRUE
H1-2162,Linea Luxe Dubai Box medio huevo degustacion x 5 (23x23x10),LINEA 2026,,1400,12500,58500,,105000,Bulto x 100,,2162,TRUE
H1-2163,Linea Luxe Dubai Box Rosca de Pascuas (23x23x10),LINEA 2026,,1200,10500,49000,,90000,Bulto x 100,,2163,TRUE
H1-2164,"Linea Luxe Dubai 1/2 Huevo Autoarmable c/ visor 12 a 16 Stamping dorado (13,5x18x9)",LINEA 2026,,1200,10000,45000,,80000,Bulto x 100,,2164,TRUE
H1-2165,"Linea Luxe Dubai Tableta de chocolate (8x15,5x1,5)",LINEA 2026,,700,5000,21000,,37000,Bulto x 100,,2165,TRUE
H1-2167,Linea Pequeños Saltos Caja 1/2 Huevo sorpresa 15 cm (16x19x10),LINEA 2026,,1000,8500,38600,,70000,Bulto x 100,,2167,TRUE
H1-2168,Linea Pequeños Saltos Canasta para huevos (16x10x24),LINEA 2026,,900,7000,31100,,56000,Bulto x 100,,2168,TRUE
H1-2169,"Linea Pequeños Saltos Tableta de Chocolate (8x15,5x1,5)",LINEA 2026,,600,4000,17000,,30000,Bulto x 100,,2169,TRUE
H1-2170,Linea Pequeños Saltos Tags,LINEA 2026,,300,2000,3500,,9000,Bulto x 100,x 50: x 25 unid $ 3500,2170,TRUE
H1-2172,"Tableta DORADA con visor (8x15,5x1,5)",LINEA 2026,,600,4000,15600,,28000,Bulto x 100,,2172,TRUE
H1-2174,"Top Cristal c/ base y tapa cartulina + cintura cristal (10x10x15,5) huevo de 12 a 15)",LINEA 2026,,1900,17000,75000,,135000,Bulto x 100 u,,2174,TRUE
H1-2176,Copa Cristal (toda de PVC transparente) 7x7x18 (copa mundial),LINEA 2026,,1300,11000,49000,,90000,Bulto x 100 u,,2176,TRUE
H1-2178,"Caja Huevera x 4 con tapa PVC (19x5,5x5,5) huevo N°4 o N°5",LINEA 2026,,1700,15500,71500,,127000,Bulto x 100 u,,2178,TRUE
H1-2180,Caja 1/2 Huevo con ventana de 13 a 17 (18x18x10) DP impresa color liso,LINEA 2026,,1800,16500,78000,,140000,Bulto x 100 u,,2180,TRUE
H1-2182,"Bombonera cajon chica (cookie) con tapa PVC (10,5x19,5x3)",LINEA 2026,,1400,12500,58500,,105000,Bulto x 100 u,,2182,TRUE
H1-2184,Caja Desayuno/Postre Con visor ( 8 colores) 20x20x9 DP ROSCA CHICA,LINEA 2026,,1500,13000,62000,,110000,Bulto x 100,,2184,TRUE
H1-2185,Caja Desayuno/Postre Con visor ( 8 colores) 25x25x9 DP ROSCA GRANDE,LINEA 2026,,2000,18500,88000,,156000,Bulto x 100,,2185,TRUE
H1-2188,Combo N°1,LINEA 2025,,50000,,,,,,,2188,TRUE
H1-2189,Combo N° 2,LINEA 2025,,45000,,,,,,,2189,TRUE
H1-2190,Combo N°3,LINEA 2025,,55000,,,,,,,2190,TRUE
H1-2192,Caja p/ medio huevo de hasta 15 cm Sorpresa diseño C/ interior (16x19x10) 2025,LINEA 2025,,1100,9500,43500,,77000,Bulto x 100 u,,2192,TRUE
H1-2194,"Caja Tableta chocolate Sin visor 2025 (8x15,5x1,5)",LINEA 2025,,500,3500,14500,,26000,Bulto x 100 u,,2194,TRUE
H1-2195,"Caja Tableta chocolate con visor impresa (8x15,5x1,5)",LINEA 2025,,600,4000,18000,,32000,Bulto x 100 u,,2195,TRUE
H1-2197,"Mini Lechera para Pascuas 2025 (8x8x7,5)",LINEA 2025,,500,4000,15600,,28000,Bulto x 100 u,,2197,TRUE
H1-2199,Box Rosca 2025 (23x23x10),LINEA 2025,,1300,11000,51000,,90000,Bulto x 100 u,,2199,TRUE
H1-2201,Box Degustacion (medio huevo x 5) 23x23x10,LINEA 2025,,1500,13500,61000,,110000,Bulto x 100 u,,2201,TRUE
H1-2203,"Box Bunny (10x10,5x10)",LINEA 2025,,700,5000,21000,,38000,bulto x 100,,2203,TRUE
H1-2205,"Golosinera Conejo Chica (13x6,3x4)",LINEA 2025,,300,2500,9600,,17000,Bulto x 100 u,,2205,TRUE
H1-2206,"Golosinera Conejo Grande (18x8,8x6)",LINEA 2025,,400,3500,12000,,21000,Bulto x 100 u,,2206,TRUE
H1-2208,Cubo PVC conejo rosa o celeste (9x9x9),LINEA 2025,,1000,9000,40000,,71000,Bulto x 100 u,,2208,TRUE
H1-2209,Tags interior cubo pvc (rosa o celeste),LINEA 2025,,300,2000,7500,,14000,Bulto x 100 u,,2209,TRUE
H1-2211,Tags conejito oval con cordon (varios colores),LINEA 2025,,300,2000,6000,,22000,Bulto x 100 u,,2211,TRUE
H1-2213,"Casita Dulce calada ""Chica"" c/ cinta para llevar (15x10x9) c/ int p/huevo entero doble",LINEA 2025,,900,7500,33600,,60000,Bulto x 100 u,,2213,TRUE
H1-2215,"Valija Premium con visor y cinta colgante 12,5x12,5x18 ( base para huevo entero)",LINEA 2025,,1500,13500,62600,,110000,Bulto x 100 u,,2215,TRUE
H1-2217,"Cubo 5,5x5,5x5,5 de PVC",LINEA 2025,,700,5000,19500,,35000,Bulto x 100 u,,2217,TRUE
H1-2218,Cubo 9x9x9 de PVC,LINEA 2025,,1200,10000,,,,Bulto x 100 u,,2218,TRUE
H1-2220,Stickers,LINEA 2025,,2000,15000,,,130000,x 100 panchas,,2220,TRUE
H1-2222,Caja p/ huevo 9/10 o Mate (9x7x14),LINEA 2025,,600,4000,16000,,30000,Bulto x 100 u,,2222,TRUE
H1-2223,"Arnes para huevo N°12 Impresp, blanco, kraft",LINEA 2025,,400,3500,15000,,26000,Bulto x 100 u,,2223,TRUE
H1-2224,Mini maletin con visor (13x9x10),LINEA 2025,,500,4200,,,,Bulto x 100 u,,2224,TRUE
H1-2225,Bolsa Grande para huevos del N°17 a 25 impresa,LINEA 2025,,400,3000,,,,Bulto x 100 u,,2225,TRUE
H1-2229,"Box ""Linea dos corazones"" 18x11,5x4",Linea 2025,,700,5100,,,45000,Bulto x 100,,2229,TRUE
H1-2230,"Box ""Linea dos corazones"" 15,5x6x3",Linea 2025,,600,4000,,,35000,Bulto x 100,,2230,TRUE
H1-2232,"Cofre ""linea dos corazones"" 8x8x6",Linea 2025,,400,2500,,,20000,Bulto x 100,,2232,TRUE
H1-2233,"Cofre ""linea dos corazones"" 6x6x5",Linea 2025,,300,2000,,,17000,Bulto x 100,,2233,TRUE
H1-2235,"Box Cierre corazon ""linea dos corazones"" 9x9x10",Linea 2025,,600,4500,,,40000,Bulto x 100,,2235,TRUE
H1-2236,"Box Cierre corazon ""linea dos corazones"" 17x17x10",Linea 2025,,800,6500,,,60000,Bulto x 100,,2236,TRUE
H1-2238,"Bolsa Automatica- cierre velcro- ""linea dos corazones"" 20x10x16",Linea 2025,,800,6500,,,60000,Bulto x 100,,2238,TRUE
H1-2240,"Mini box ""linea dos corazones"" 10x10x5",Linea 2025,,500,3500,,,30000,Bulto x 100,,2240,TRUE
H1-2242,"Foto Tag 14,8 x 10,4",Linea 2025,,300,2500,,,22000,Bulto x 100,,2242,TRUE
H1-2244,"Plancha d 6 tags ""linea dos corazones"" 6x6",Linea 2025,,500,3000,,,25000,Bulto x 100,,2244,TRUE
H1-2246,"Mini Maletin Conectar (16x17x9,5)",Linea 2025,,1300,11000,,,95000,Bulto x 100,,2246,TRUE
H1-2248,"Mini Cookie Conectar (10,5x10,5x3)",Linea 2025,,800,6500,,,60000,Bulto x 100,,2248,TRUE
H1-2250,"Caja Cookie Conectar (12,5x12,5x5)",Linea 2025,,1000,8000,,,70000,Bulto x 100,,2250,TRUE
H1-2252,Estuche Macarons conectar (21x5x5),Linea 2025,,1200,10000,,,90000,Bulto x 100,,2252,TRUE
H1-2254,Caja Carta de Amor,Linea 2025,,1800,16000,,,140000,Bulto x 100,,2254,TRUE
H1-2256,Caja desayuno Conectar 20x20x12,Linea 2025,,1700,15000,,,130000,Bulto x 100,,2256,TRUE
H1-2259,Caja explosiva Corazon (12x12x11),Lineas años anteiores,,1000,8500,37000,,,Bulto x 100,,2259,TRUE
H1-2260,Caja cierre corazon (9x9x10),Lineas años anteiores,,800,6000,24500,,,Bulto x 100,,2260,TRUE
H1-2261,Caja cierre corazon (17x17x10),Lineas años anteiores,,,,,,,Bulto x 100,,2261,TRUE
H1-2262,Cofre cierre corazon (8x8x6),Lineas años anteiores,,500,3200,10500,,,Bulto x 100,,2262,TRUE
H1-2263,"Tableta San valentin (8x15,5x1,5)",Lineas años anteiores,,400,3000,11800,,,Bulto x 100,,2263,TRUE
H1-2264,Cajita feliz San Valentin (15x10x9),Lineas años anteiores,,500,4500,20500,,,Bulto x 100,,2264,TRUE
H1-2265,Box Cupido 2025 incluye postal (22x22x9),Lineas años anteiores,,1200,10500,49600,,,Bulto x 100,,2265,TRUE
H1-2266,Box Cupido 2025 incluye postal + divisor de minitorta (bentocake) + 4 cupcak (22x22x9),Lineas años anteiores,,1400,12500,58650,,,Bulto x 100,,2266,TRUE
H1-2268,"Box ""Love"" San Valentin 22x22x9",Lineas años anteiores,,1000,9400,45000,,,Bulto x 100,,2268,TRUE
H1-2269,Caja Alfajor Love de 12 unid (22x17x6),Lineas años anteiores,,700,6500,30000,,,Bulto x 100,,2269,TRUE
H1-2270,"Bombonera Flower x 16 con division (12x12x3,5)",Lineas años anteiores,,1100,9200,44500,,,Bulto x 100 unid,,2270,TRUE
H1-2271,Caja Taza Amor,Lineas años anteiores,,700,6500,30000,,,Bulto x 100,,2271,TRUE
H1-2272,"Caja Cupcake individual AMOR (10x10x10,5)",Lineas años anteiores,,800,7000,32000,,,Bulto x 100,,2272,TRUE
H1-2273,Box con ventana Rojo (18x18x10),Lineas años anteiores,,1300,12000,55600,,,Bulto x 100,,2273,TRUE
H1-2274,"Box Multiuso Diseño Mariposas (18,5x12x7)",Lineas años anteiores,,800,5500,21500,,,Bulto x 100,,2274,TRUE
H1-2275,Box Multiuso Diseño Mariposas (26x17x9),Lineas años anteiores,,1100,9000,38500,,,Bulto x 100,,2275,TRUE
H1-2277,Box Amigos diferentes 6x6x6,DIA DEL NIÑO,,400,3000,,,26000,Bulto x 100,,2277,TRUE
H1-2279,Box Sorpresa Heroica 16x19x10,DIA DEL NIÑO,,1200,10000,,,85000,Bulto x 100,,2279,TRUE
H1-2281,Box desayuno Supremo + antifaz 20x20x10,DIA DEL NIÑO,,1400,12500,,,110000,Bulto x 100,,2281,TRUE
H1-2283,Box desayuno Alma 20x20x10,DIA DEL NIÑO,,1400,12000,,,100000,Bulto x 100,,2283,TRUE
H1-2284,Box desayuno Nilo 20x20x10,DIA DEL NIÑO,,1400,12000,,,100000,Bulto x 100,,2284,TRUE
H1-2286,Box Alma elije tu propia Aventura 20x20x10,DIA DEL NIÑO,,2400,22000,,,190000,Bulto x 100,,2286,TRUE
H1-2287,Box Nilo elije tu propia Aventura 20x20x10,DIA DEL NIÑO,,2400,22000,,,190000,Bulto x 100,,2287,TRUE
H1-2289,Maletin Botánico + postal (24x14x13),DIA DEL NIÑO,,1200,10500,47600,,90000,Bulto x 100,,2289,TRUE
H1-2290,Mini Lechera Botánico (8x7x9),DIA DEL NIÑO,,500,4000,17000,,30000,Bulto x 100,,2290,TRUE
H1-2291,Box Nube Botánico + Tag (26x17x9),DIA DEL NIÑO,,1100,9500,43500,,77000,Bulto x 100,,2291,TRUE
H1-2293,Box Sorpresa Geometrico (16x19x10),DIA DEL NIÑO,,,,,,,Bulto x 100,,2293,TRUE
H1-2294,Caja Desayuno Geometrico (20x20x10),DIA DEL NIÑO,,1100,9500,42600,,76000,Bulto x 100,,2294,TRUE
H1-2297,Base contenedora con interior para colorear 12x12x5 (sin tapa),Liquidacion dia de Niño,,400,3000,,,,Bulto x 500,,2297,TRUE
H1-2298,MInitorta con interior para colorear 12x12x5 (con tapa acetato),Liquidacion dia de Niño,,700,5500,,,,Bulto x 100,,2298,TRUE
H1-2299,Box sorpresa impreso mounstrito (16x19x10),Liquidacion dia de Niño,,800,6000,,,,Bulto x 100,,2299,TRUE
H1-2300,Maletin Desayuno con Visor e interior para colorear (25x14x13),Liquidacion dia de Niño,,,,,,,Bulto x 100,,2300,TRUE
H1-2301,Desayuno con visor 30x30x12 con diseño moustros p/ colorear,Liquidacion dia de Niño,,1200,10000,,,,Bulto x 100,,2301,TRUE
H1-2303,Caja Sorpresa Superheroes (16x19x10),Liquidacion dia de Niño,,800,6000,,,,Bulto x 100,,2303,TRUE
H1-2304,Caja Desayuno Superheroes 30x30x12,Liquidacion dia de Niño,,1200,10000,,,,Bulto x 100,,2304,TRUE
H1-2305,Maletin Desayuno con visor retro niños (25x14x13),Liquidacion dia de Niño,,,,,,,Bulto x 100,,2305,TRUE
H1-2306,Minibox Linea retro p/niños (18x12x7),Liquidacion dia de Niño,,700,5500,,,,Bulto x 100,,2306,TRUE
H1-2308,"Bombonera Niño blanca visor impreso (15x14,5x3,5)",Liquidacion dia de Niño,,,,,,,Bulto x 100,,2308,TRUE
H1-2309,"Cajita feliz mini Niño visor impreso (9,5x9,5x12,5)",Liquidacion dia de Niño,,,,,,,Bulto x 100,,2309,TRUE
H1-2310,"Caja Niño visor superior impreso (26x17,5x9)",Liquidacion dia de Niño,,,,,,,Bulto x 100,,2310,TRUE
H1-2311,Caja desayuno visor impreso (25x25x12),Liquidacion dia de Niño,,900,8000,,,,Bulto x 100,,2311,TRUE
H1-2313,"Box desayuno Mesa "" nunca dejes de soñar"" stamping dorado (26x17x8)",Liquidacion dia de Niño,,1700,15500,,,,Bulto x 100,,2313,TRUE
H1-2316,Rollo obra 37 x 50 (registradora),ROLLO MAQUINA / TALONARIO,,650,5900,,,52000,Bulto x 10 paq,,2316,TRUE
H1-2317,Rollo obra 44 x 50 (registradora),ROLLO MAQUINA / TALONARIO,,850,8050,,,72000,Bulto x 10 paq,,2317,TRUE
H1-2318,Rollo obra 57 x 30 (calculadora),ROLLO MAQUINA / TALONARIO,,1000,8800,,,78000,Bulto x 10 paq,,2318,TRUE
H1-2320,Rollo termico Nº57 x 30 mts,ROLLO MAQUINA / TALONARIO,,800,650,,,55000,Bulto x 10 paq,,2320,TRUE
H1-2321,Rollo termico Nº57 x 20 mts,ROLLO MAQUINA / TALONARIO,,600,5000,,,40000,Bulto x 10 paq,,2321,TRUE
H1-2322,Rollo termico nº44 x 50 mts,ROLLO MAQUINA / TALONARIO,,1000,8000,,,70000,Bulto x 10 paq,,2322,TRUE
H1-2323,Rollo termico nº37 x 30 mts,ROLLO MAQUINA / TALONARIO,,800,6600,,,60000,Bulto x 10 paq,,2323,TRUE
H1-2324,Rollo termico nº80 x 30 mts,ROLLO MAQUINA / TALONARIO,,1000,9000,,,78000,Bulto x 10 paq,,2324,TRUE
H1-2325,Rollo termico nº80 x 50 mts,ROLLO MAQUINA / TALONARIO,,1600,14000,,,120000,Bulto x 10 paq,,2325,TRUE
H1-2327,Etiquetas para balanza 55mm X 44mm,ROLLO MAQUINA / TALONARIO,,2000,18000,,,128000,caja x 80 unid,,2327,TRUE
H1-2329,Talonario de rifa 1 al 100,ROLLO MAQUINA / TALONARIO,,300,2200,,,19500,x 100 unid,,2329,TRUE
H1-2330,Talonario de rifa 1 al 300,ROLLO MAQUINA / TALONARIO,,800,6300,,,56000,x 100 unid,,2330,TRUE
H1-2331,Talonario de Rifa 1 al 1000,ROLLO MAQUINA / TALONARIO,,2600,,,,23000,x 100 unid,,2331,TRUE
H1-2333,Talonario de presupuesto chico,ROLLO MAQUINA / TALONARIO,,1000,8000,,,84000,Caja x 120 unid,,2333,TRUE
H1-2334,Talonario de presupuesto grande,ROLLO MAQUINA / TALONARIO,,2000,18000,,,96000,Caja x 60 unid,,2334,TRUE
H1-2335,Talonario para cuentas,ROLLO MAQUINA / TALONARIO,,800,,,,,,,2335,TRUE
H1-2337,Carte precio digital 4 digitos N°2 (6x4) paq x 50 unid,ROLLO MAQUINA / TALONARIO,,600,5200,,,47000,x 100 paq,,2337,TRUE
H1-2338,Carte precio digital 4 digitos N°3 (7x4) paq x 50 unid,ROLLO MAQUINA / TALONARIO,,700,5800,,,52000,x 100 paq,,2338,TRUE
H1-2339,Carte precio digital 4 digitos N°5 (10x8) paq x 50 unid,ROLLO MAQUINA / TALONARIO,,1500,13500,,,118000,x 100 paq,,2339,TRUE
H1-2341,Estallido n° 1 (4x3 cm) paq x 20 unid,ROLLO MAQUINA / TALONARIO,,400,2100,,,18000,x100 paq,,2341,TRUE
H1-2342,Estallido n° 2 (6x4cm) paq x 20 unid,ROLLO MAQUINA / TALONARIO,,500,3000,,,22000,x100 paq,,2342,TRUE
H1-2343,"Estallido n° 3 (9x5,5 cm) paq x 20 unid",ROLLO MAQUINA / TALONARIO,,600,4300,,,38000,x100 paq,,2343,TRUE
H1-2344,Estallido n° 4 (9x7 cm) paq x 20 unid,ROLLO MAQUINA / TALONARIO,,800,5000,,,45000,x100 paq,,2344,TRUE
H1-2345,Estallido n° 6 (12x9 cm) paq x 20 unid,ROLLO MAQUINA / TALONARIO,,1000,8800,,,78000,x100 paq,,2345,TRUE
H1-2346,Estallido n° 8 (18x12 cm) paq x 20 unid,ROLLO MAQUINA / TALONARIO,,1500,13500,,,116000,x100 paq,,2346,TRUE
H1-2347,Estallido n° 9 (21x16 cm) paq x 20 unid,ROLLO MAQUINA / TALONARIO,,1800,16500,,,146000,x100 paq,,2347,TRUE
H1-2348,"Estallido n° 10 (26x19,5 cm) paq x 15 unid",ROLLO MAQUINA / TALONARIO,,2000,18000,,,160000,x100 paq,,2348,TRUE
H1-2349,Estallido n° 11 (32x22 cm) paq x 10 unid,ROLLO MAQUINA / TALONARIO,,1900,17500,,,155000,x100 paq,,2349,TRUE
H1-2351,Tacos Color,MAQUINA PRECIO- ABROCH.- LAPICERA,,1500,,,,130000,caja x 100 tacos,,2351,TRUE
H1-2352,Taco color con porta taco,MAQUINA PRECIO- ABROCH.- LAPICERA,,2000,,,,180000,caja x 100 tacos,,2352,TRUE
H1-2353,Tacos Blanco,MAQUINA PRECIO- ABROCH.- LAPICERA,,1000,,,,90000,caja x 100 tacos,,2353,TRUE
H1-2354,Taco blanco con porta taco,MAQUINA PRECIO- ABROCH.- LAPICERA,,1300,,,,100000,caja x 100 tacos,,2354,TRUE
H1-2356,Taco de Colores Neon con autoadhesivo x 100 hojas IBI,MAQUINA PRECIO- ABROCH.- LAPICERA,,3500,,,,,,,2356,TRUE
H1-2357,"Taco adhesivo Deli PAD NOTE 25 hojas x 4 colores (100) 7,6 x 7,6 cm",MAQUINA PRECIO- ABROCH.- LAPICERA,,3500,,,,,,,2357,TRUE
H1-2358,"Taco STICKY NOTE Deli 25 hojas x 4 colores (100) 7,6 x 10,1 cm",MAQUINA PRECIO- ABROCH.- LAPICERA,,3500,,,,,,,2358,TRUE
H1-2360,Porta taco Platico 9x9 negro,MAQUINA PRECIO- ABROCH.- LAPICERA,,1000,,,,9000,x 10 unid,,2360,TRUE
H1-2362,Detector de Billetes/cheques con lux ultravioleta,MAQUINA PRECIO- ABROCH.- LAPICERA,,12500,,,,115000,x 10 unid,,2362,TRUE
H1-2363,Lapiz detector de billetes,MAQUINA PRECIO- ABROCH.- LAPICERA,,2100,,,,18500,x 10 unid,,2363,TRUE
H1-2365,Calculadora pequeñas de colores,MAQUINA PRECIO- ABROCH.- LAPICERA,,2500,,,,,x 10 unid,,2365,TRUE
H1-2366,Calculadora chicas Kenko / Karuida modelo 3181,MAQUINA PRECIO- ABROCH.- LAPICERA,,5000,,,,,x 10 unid,,2366,TRUE
H1-2367,Calculadora 402,MAQUINA PRECIO- ABROCH.- LAPICERA,,2500,,,,,x 10 unid,,2367,TRUE
H1-2368,calculadora 981 Motex,MAQUINA PRECIO- ABROCH.- LAPICERA,,4500,,,,,x 10 unid,,2368,TRUE
H1-2369,Calculadora Kadio 3851B-2,MAQUINA PRECIO- ABROCH.- LAPICERA,,5500,,,,,x 10 unid,,2369,TRUE
H1-2370,Calculadora 9835 Motex,MAQUINA PRECIO- ABROCH.- LAPICERA,,6000,,,,,x 10 unid,,2370,TRUE
H1-2371,Calculadora 8585-12 Motex,MAQUINA PRECIO- ABROCH.- LAPICERA,,9000,,,,,,,2371,TRUE
H1-2372,Calculadora Kenko KK-800A,MAQUINA PRECIO- ABROCH.- LAPICERA,,6000,,,,,x 10 unid,,2372,TRUE
H1-2373,Calculadora Kenko KK-837B,MAQUINA PRECIO- ABROCH.- LAPICERA,,7000,,,,,x 10 unid,,2373,TRUE
H1-2374,Calculadora 2126,MAQUINA PRECIO- ABROCH.- LAPICERA,,7000,,,,,x 10 unid,,2374,TRUE
H1-2375,Calculadora 8113,MAQUINA PRECIO- ABROCH.- LAPICERA,,7500,,,,,x 10 unid,,2375,TRUE
H1-2376,Calculadora Dexin Grande,MAQUINA PRECIO- ABROCH.- LAPICERA,,8000,,,,,x 10 unid,,2376,TRUE
H1-2377,Calculadora Kenko kk-6190A (con sonido),MAQUINA PRECIO- ABROCH.- LAPICERA,,6000,,,,,x 10 unid,,2377,TRUE
H1-2378,Calculadora DEXIN DX-837B ( solar y a pila) rosa y celeste pastel,MAQUINA PRECIO- ABROCH.- LAPICERA,,7000,,,,,x 10 unid,,2378,TRUE
H1-2379,Calculadora IBI de escritorio,MAQUINA PRECIO- ABROCH.- LAPICERA,,15000,,,,,,,2379,TRUE
H1-2381,Balanza de cocina digital generica de 10 kg,MAQUINA PRECIO- ABROCH.- LAPICERA,,8000,,,,,x 10 unid,,2381,TRUE
H1-2382,Balanza de cocina digital madera de 5 kg,MAQUINA PRECIO- ABROCH.- LAPICERA,,15000,,,,,x 10 unid,,2382,TRUE
H1-2384,Carton de Bingo (cada serie 2016 cartones),MAQUINA PRECIO- ABROCH.- LAPICERA,,,,,,,caja x 10 series,x 100: serie $,2384,TRUE
H1-2386,MAQUINA para poner precios Ibi,MAQUINA PRECIO- ABROCH.- LAPICERA,,16000,,,,145000,x 10 unid,,2386,TRUE
H1-2388,Etiquetas etiquetadoras x 1000 blanca,MAQUINA PRECIO- ABROCH.- LAPICERA,,700,5500,,,47000,Caja x 100,,2388,TRUE
H1-2389,Etiquetas etiquetadoras x 1000 fluor,MAQUINA PRECIO- ABROCH.- LAPICERA,,800,6000,,,54000,Caja x 100,,2389,TRUE
H1-2391,"Etiqueta Manila Chica (2,8x5)",MAQUINA PRECIO- ABROCH.- LAPICERA,,,200,,1500,,,,2391,TRUE
H1-2392,"Etiqueta Manila Mediana (3,4x6,8)",MAQUINA PRECIO- ABROCH.- LAPICERA,,,300,,2500,,,,2392,TRUE
H1-2394,TAGS cartulina (DP),MAQUINA PRECIO- ABROCH.- LAPICERA,,,200,500,800,7000,caja x 1000 unid,,2394,TRUE
H1-2395,Tags diseños propios,MAQUINA PRECIO- ABROCH.- LAPICERA,,1500,13000,,,50000,x 50 paq,,2395,TRUE
H1-2397,Etiqueta felicidades plancha x 130,MAQUINA PRECIO- ABROCH.- LAPICERA,,2000,,,,180000,x100 planchas,,2397,TRUE
H1-2398,Etiqueta felicidades rollo x 247 unid.,MAQUINA PRECIO- ABROCH.- LAPICERA,,2900,,,,255000,x 100 rollitos,,2398,TRUE
H1-2400,ROLLITO TINTA MOTEX,MAQUINA PRECIO- ABROCH.- LAPICERA,,3300,,,,,,,2400,TRUE
H1-2401,ROLLITO TINTA generico,MAQUINA PRECIO- ABROCH.- LAPICERA,,2300,,,,,,,2401,TRUE
H1-2403,MAQUINA RACIONADORA (CINTA EMBALAR),MAQUINA PRECIO- ABROCH.- LAPICERA,,10000,,,,87000,x 10 unid,,2403,TRUE
H1-2404,Racionador de mano de cinta embalar eco,MAQUINA PRECIO- ABROCH.- LAPICERA,,4500,,,,40000,x 10 unid,,2404,TRUE
H1-2405,PORTA CINTA GRANDE DE MESA 12X60/24X60 ibi chico,MAQUINA PRECIO- ABROCH.- LAPICERA,,4500,,,,39000,x 10 unid,,2405,TRUE
H1-2406,PORTA CINTA GRANDE DE MESA 12X60/24X60 grande pesado Motex,MAQUINA PRECIO- ABROCH.- LAPICERA,,6000,,,,53000,x 10 unid,,2406,TRUE
H1-2407,Porta cinta chico 12x30 pesado,MAQUINA PRECIO- ABROCH.- LAPICERA,,3500,,,,31000,x 10 unid,,2407,TRUE
H1-2408,Porta cinta chico 12x30/18x30 economico + cinta,MAQUINA PRECIO- ABROCH.- LAPICERA,,3500,,,,31000,x 10 unid,,2408,TRUE
H1-2409,Porta cinta chico 12x30/18x30 MIT,MAQUINA PRECIO- ABROCH.- LAPICERA,,6300,,,,58000,x 10 unid,,2409,TRUE
H1-2411,Porta Hilo Simple,MAQUINA PRECIO- ABROCH.- LAPICERA,,,,,,,,,2411,TRUE
H1-2413,Precintos plasticos,MAQUINA PRECIO- ABROCH.- LAPICERA,,4000,,,32000,140000,bulto x 5 kg,Unidad: x 100 grs $ 4000 · x 100: x kg $ 32000,2413,TRUE
H1-2416,Maquina porta turno (dispenser plastico),MAQUINA PRECIO- ABROCH.- LAPICERA,,13500,,,,,x 5 unid,,2416,TRUE
H1-2417,Rollo display turno,MAQUINA PRECIO- ABROCH.- LAPICERA,,1300,11500,,,102000,caja x 10 tubos x 10,,2417,TRUE
H1-2419,Abrochadora N° 9901-01,MAQUINA PRECIO- ABROCH.- LAPICERA,,2000,,,,20400,Caja x 12 unid,,2419,TRUE
H1-2420,Abrochadora 5227 (ex N° M010),MAQUINA PRECIO- ABROCH.- LAPICERA,,3300,,,,30000,Caja x 12 unid,,2420,TRUE
H1-2421,Abrochadora N° XG-010,MAQUINA PRECIO- ABROCH.- LAPICERA,,5000,,,,53400,Caja x 12 unid,,2421,TRUE
H1-2423,Abrochadora n°100 pintada reforzada (Soafra),MAQUINA PRECIO- ABROCH.- LAPICERA,,5500,,,,,,,2423,TRUE
H1-2424,Abrochadora n°50 pintada (Soafra),MAQUINA PRECIO- ABROCH.- LAPICERA,,1500,,,,43200,caja x 36 unid,,2424,TRUE
H1-2426,Broches para abrochadora x 1000 26/6,MAQUINA PRECIO- ABROCH.- LAPICERA,,500,,,3900,17000,x 5 cajas,x 100: caja x 10 $ 3900,2426,TRUE
H1-2427,Broches para abrochadora x 1000 (nº10 o 50),MAQUINA PRECIO- ABROCH.- LAPICERA,,300,,,2400,10750,x 5 cajas,x 100: caja x 10 $ 2400,2427,TRUE
H1-2428,Broches para abrochadora x 1000 24/6,MAQUINA PRECIO- ABROCH.- LAPICERA,,500,,,3900,17000,x 5 cajas,x 100: caja x 10 $ 3900,2428,TRUE
H1-2429,Broches para abrochadora x 1000 21/6,MAQUINA PRECIO- ABROCH.- LAPICERA,,600,,,4900,21750,x 5 cajas,x 100: caja x 10 $ 4900,2429,TRUE
H1-2431,Pincha papeles largos pintados,MAQUINA PRECIO- ABROCH.- LAPICERA,,1000,,,,8500,x 10 unid,,2431,TRUE
H1-2432,Pincha papeles largos Cromados,MAQUINA PRECIO- ABROCH.- LAPICERA,,1500,,,,13000,x 10 unid,,2432,TRUE
H1-2434,Mojadedos PVC 7050 (chico),MAQUINA PRECIO- ABROCH.- LAPICERA,,,,,,,,,2434,TRUE
H1-2435,Mojadedos PVC 7070 (grande),MAQUINA PRECIO- ABROCH.- LAPICERA,,750,,,,13000,x 20 unid,,2435,TRUE
H1-2437,Chinches niqueladas cajitas x 100 unid,MAQUINA PRECIO- ABROCH.- LAPICERA,,600,4800,,,21500,x 50 cajitas,,2437,TRUE
H1-2438,Chinches Galera de colores cajita x 30 unid,MAQUINA PRECIO- ABROCH.- LAPICERA,,700,5900,,,26000,x 50 cajitas,,2438,TRUE
H1-2439,Chinches Galera de colores cajita x 100 unid,MAQUINA PRECIO- ABROCH.- LAPICERA,,1400,13000,,,57500,x 50 cajitas,,2439,TRUE
H1-2441,Alfiler porta precios,MAQUINA PRECIO- ABROCH.- LAPICERA,,3500,,,,155000,x 50 cajitas,,2441,TRUE
H1-2443,Clips N°3 cajita x 100,MAQUINA PRECIO- ABROCH.- LAPICERA,,400,,,,17000,x 50 cajitas,,2443,TRUE
H1-2444,Clips N°4 cajita x 100,MAQUINA PRECIO- ABROCH.- LAPICERA,,500,,,,20000,x 50 cajitas,,2444,TRUE
H1-2445,Clips N°6 cajita x 50,MAQUINA PRECIO- ABROCH.- LAPICERA,,1400,,,,60000,x 50 cajitas,,2445,TRUE
H1-2447,Cutter con alma de acero 9 mm (chico),MAQUINA PRECIO- ABROCH.- LAPICERA,,1000,,,,9000,x 10 unid,,2447,TRUE
H1-2448,Cutter con alma de acero 18 mm (grande),MAQUINA PRECIO- ABROCH.- LAPICERA,,2500,,,,20000,x 10 unid,,2448,TRUE
H1-2449,Cutter con alma de acero 18 mm (grande) REFORZADO,MAQUINA PRECIO- ABROCH.- LAPICERA,,,,,,,caja x 20 undi,,2449,TRUE
H1-2451,Repuesto cuchilla Cutter 9 mm (tubo 10 hojas),MAQUINA PRECIO- ABROCH.- LAPICERA,,1000,,,,,,,2451,TRUE
H1-2452,Repuesto cuchilla Cutter 18 mm (tubo 10 hojas),MAQUINA PRECIO- ABROCH.- LAPICERA,,,,,,,,,2452,TRUE
H1-2454,Perforadora 5532,MAQUINA PRECIO- ABROCH.- LAPICERA,,11000,,,,,,,2454,TRUE
H1-2456,Tijera Grande 900650 (21 cm.),MAQUINA PRECIO- ABROCH.- LAPICERA,,3200,,,,33600,x caja de 12,,2456,TRUE
H1-2457,"Tijera escritorio 900165 (16,5 cm)",MAQUINA PRECIO- ABROCH.- LAPICERA,,1500,,,,14400,x caja de 12,,2457,TRUE
H1-2458,"Tijera Deli colores pastel (17,5 cm)",MAQUINA PRECIO- ABROCH.- LAPICERA,,2000,,,,,,,2458,TRUE
H1-2459,Tijera escolar eco,MAQUINA PRECIO- ABROCH.- LAPICERA,,1000,,,,21600,x caja de 24,,2459,TRUE
H1-2460,"Tijera escolar deli punta redonda 11,4 cm",MAQUINA PRECIO- ABROCH.- LAPICERA,,1200,,,,21600,caja x 24 unid,,2460,TRUE
H1-2461,Tijera escolar Filgo pinto punta roma (redonda) 12 cm,MAQUINA PRECIO- ABROCH.- LAPICERA,,1500,,,,24000,caja x 24 unid,,2461,TRUE
H1-2463,Voligoma chica 30 ml,MAQUINA PRECIO- ABROCH.- LAPICERA,,2000,22200,,,198000,x 10 cajas x 12,x 10: pack x 12 $22200,2463,TRUE
H1-2464,Adhesivo Util uno (tipo voligoma) 30 ml,MAQUINA PRECIO- ABROCH.- LAPICERA,,800,,,,,caja x 36 unid,,2464,TRUE
H1-2466,Adhesivo vinilico ( tipo plasticola) 30 ml,MAQUINA PRECIO- ABROCH.- LAPICERA,,200,1800,,,9600,caja x 60 unid,,2466,TRUE
H1-2467,Adhesivo vinilico ( tipo plasticola) 50 ml,MAQUINA PRECIO- ABROCH.- LAPICERA,,400,,,,11160,caja x 36 unid,,2467,TRUE
H1-2468,Adhesivo vinilico ( tipo plasticola) 100 ml,MAQUINA PRECIO- ABROCH.- LAPICERA,,700,,,,13200,caja x 24 unid,,2468,TRUE
H1-2469,Adhesivo vinilico ( tipo plasticola) 250 ml,MAQUINA PRECIO- ABROCH.- LAPICERA,,1300,,,,19800,caja x 18 unid,,2469,TRUE
H1-2470,Adhesivo vinilico ( tipo plasticola) 500 ml,MAQUINA PRECIO- ABROCH.- LAPICERA,,2400,,,,25200,caja x 12 unid,,2470,TRUE
H1-2472,Indeleble negro / azul / rojo c/u,MAQUINA PRECIO- ABROCH.- LAPICERA,,900,,,8600,38000,x 5 cajas,x 100: caja x 12 $ 8600,2472,TRUE
H1-2473,indeleble dos puntas,MAQUINA PRECIO- ABROCH.- LAPICERA,,1100,,,10800,48000,x 5 cajas,x 100: caja x 12 $ 10800,2473,TRUE
H1-2474,indeleble negro (Trabi) 410 punta redonda /411 punta biselada,MAQUINA PRECIO- ABROCH.- LAPICERA,,1200,,,11400,102000,x 10 cajas,x 100: caja x 12 $ 11400,2474,TRUE
H1-2475,Indeleble DELI 2 puntas azul,MAQUINA PRECIO- ABROCH.- LAPICERA,,1500,,,,,,,2475,TRUE
H1-2477,Marcador al agua (Filgo) (rojo/negro/azul),MAQUINA PRECIO- ABROCH.- LAPICERA,,700,,,6600,59000,x 10 cajas,x 100: caja x 12 $ 6600,2477,TRUE
H1-2479,Marcador trio ( pack x 6 colores surtidos),MAQUINA PRECIO- ABROCH.- LAPICERA,,3100,,,,27000,x 10 packs,,2479,TRUE
H1-2481,Marcador pizarra (Trabi),MAQUINA PRECIO- ABROCH.- LAPICERA,,1100,,,12000,53500,x 5 cajas,x 100: caja x 12 $ 12000,2481,TRUE
H1-2482,Marcador pizarra Verde y Rojo (Filgo) (Whiteboard Marker ),MAQUINA PRECIO- ABROCH.- LAPICERA,,650,,,6720,30000,x 5 cajas,x 100: caja x 12 $ 6720,2482,TRUE
H1-2483,Marcador pizarra Azul (Filgo) (Whiteboard Marker ),MAQUINA PRECIO- ABROCH.- LAPICERA,,750,,,8460,37800,x 5 cajas,x 100: caja x 12 $ 8460,2483,TRUE
H1-2484,Marcador pizarra IBI,MAQUINA PRECIO- ABROCH.- LAPICERA,,1500,4000,,,34000,x 10 cajas,x 10: caja x 4 $4000,2484,TRUE
H1-2486,Resaltador IBI,MAQUINA PRECIO- ABROCH.- LAPICERA,,500,,,4800,21000,x 5 cajas,x 100: caja x 12 $ 4800,2486,TRUE
H1-2487,Resaltador Metalizado,MAQUINA PRECIO- ABROCH.- LAPICERA,,600,,,5400,24000,x 5 cajas,x 100: caja x 12 $ 5400,2487,TRUE
H1-2489,Lapicera (Azul / negro /Rojo /Verde),MAQUINA PRECIO- ABROCH.- LAPICERA,,250,2000,,9000,40000,x 5 cajas,x 100: caja x 50 $ 9000,2489,TRUE
H1-2490,Lapicera azul y Negra (filgo),MAQUINA PRECIO- ABROCH.- LAPICERA,,250,2000,,7600,,x 5 cajas,x 100: caja x 50 $ 7600,2490,TRUE
H1-2491,Lapicera Bic Opaca (Azul/Negra/Roja/Verde),MAQUINA PRECIO- ABROCH.- LAPICERA,,900,7500,,,32500,caja x 50 unid,,2491,TRUE
H1-2492,Lapicera Bic cristal (Azul/Negra/Roja/Verde),MAQUINA PRECIO- ABROCH.- LAPICERA,,900,7500,,,32500,caja x 50 unid,,2492,TRUE
H1-2493,Lapicera BIC Round stic (Azul/Negra/Roja/),MAQUINA PRECIO- ABROCH.- LAPICERA,,500,3500,,,3000,caja x 12 unid,,2493,TRUE
H1-2495,Cuadernos Universitarios,MAQUINA PRECIO- ABROCH.- LAPICERA,,3000,,,,250000,caja x 100 unid,,2495,TRUE
H1-2497,Tarjetas blancas x 100 unid,MAQUINA PRECIO- ABROCH.- LAPICERA,,,500,,3500,,caja x 100 paq,,2497,TRUE
H1-2498,Tarjetas Impresas 9x5,MAQUINA PRECIO- ABROCH.- LAPICERA,,100,800,,5000,22250,x 500 unid,,2498,TRUE
H1-2500,Sello Feliz Dia / Te Quiero Mucho (5x5),MAQUINA PRECIO- ABROCH.- LAPICERA,,2500,,,,,x 10 unid,,2500,TRUE
H1-2501,"Sello Felices Fiestas (5x2,5)",MAQUINA PRECIO- ABROCH.- LAPICERA,,2250,,,,,,,2501,TRUE
H1-2502,Tinta indeleble para sellos 30cc,MAQUINA PRECIO- ABROCH.- LAPICERA,,1500,,,,,x10 unid,,2502,TRUE
H1-2503,"Almohadilla de fieltro para sellos 12,5x8 (N1)",MAQUINA PRECIO- ABROCH.- LAPICERA,,3300,,,,,x10 unid,,2503,TRUE
H1-2504,"Almohadilla de fieltro para sellos 10,7x6,8 (N2)",MAQUINA PRECIO- ABROCH.- LAPICERA,,3500,,,,,x10 unid,,2504,TRUE
H1-2505,Kit ( Sello 5x5 + almohadilla + Tinta + Tags),MAQUINA PRECIO- ABROCH.- LAPICERA,,4000,,,,,x 10 unid,,2505,TRUE
H1-2507,Etiquetadora para prendas MPIO (eco),MAQUINA PRECIO- ABROCH.- LAPICERA,,13000,,,,81000,x 10 unid,,2507,TRUE
H1-2508,Etiquetadora para prendas TG tacher II,MAQUINA PRECIO- ABROCH.- LAPICERA,,20000,,,,150000,x 10 unid,,2508,TRUE
H1-2509,Plasticos para prendas (100 tiras x 50 unid cada una),MAQUINA PRECIO- ABROCH.- LAPICERA,,250,2000,,,15600,caja x 5000,Unidad: 1 tira $250 · x 10: 10 tiras $ 2000,2509,TRUE
H1-2510,Etiquetas prendas,MAQUINA PRECIO- ABROCH.- LAPICERA,,,400,2500,4000,34000,x 10 paq x 200,x 100: paq x 200 $ 4000,2510,TRUE
H1-2513,Palitos Chupetin 18 cm largo (transparente o blanco),MAQUINA PRECIO- ABROCH.- LAPICERA,,150,1000,,8500,14500,pack x 200 unid,,2513,TRUE
H1-2515,Etiquetas Pegasola (todos los tamaños),MAQUINA PRECIO- ABROCH.- LAPICERA,,5500,,,,50000,X 10 cajas Cajas,,2515,TRUE
H1-2516,Etiquetas Pegasolita linea eco (todos los tamaños),MAQUINA PRECIO- ABROCH.- LAPICERA,,4000,,,,35000,X 10 bolsitas,,2516,TRUE
H1-2518,Almohadilla para sellos color,IBI CRAFT (Artistica),,1500,12500,,,,caja x 12,,2518,TRUE
H1-2519,Sello Rotativo Bullet,IBI CRAFT (Artistica),,9000,,,,76000,caja x 10,,2519,TRUE
H1-2520,Set sello emprendedor,IBI CRAFT (Artistica),,13000,,,,115000,x 10 unid,,2520,TRUE
H1-2522,Plancha de corte A4 Rosa,IBI CRAFT (Artistica),,7500,,,,65000,x 10 unid,,2522,TRUE
H1-2523,Plancha de corte A3 Verde (45x30),IBI CRAFT (Artistica),,14500,,,,130000,x 10 unid,,2523,TRUE
H1-2524,Plancha de corte A3 Rosa (45x30),IBI CRAFT (Artistica),,15000,,,,135000,x 10 unid,,2524,TRUE
H1-2525,Plancha de corte A3 Gris (45x30),IBI CRAFT (Artistica),,15500,,,,140000,x 10 unid,,2525,TRUE
H1-2526,Plancha de corte A2 Verde (60x45),IBI CRAFT (Artistica),,29000,,,,250000,x 10 unid,,2526,TRUE
H1-2527,Plancha de corte A1 Verde (60x90),IBI CRAFT (Artistica),,53500,,,,475000,x 10 unid,,2527,TRUE
H1-2529,"Pinza Perforadora para tags (circulo, corazon etc)",IBI CRAFT (Artistica),,14500,,,,130000,x 10 unid,,2529,TRUE
H1-2530,"Perforadora p/ tags 1,6 cm",IBI CRAFT (Artistica),,15000,,,,135000,x 10 unid,,2530,TRUE
H1-2531,"Perforadora p/ tags 2,5 cm",IBI CRAFT (Artistica),,18500,,,,165000,x 10 unid,,2531,TRUE
H1-2532,Perforadora p/ tags 5 cm,IBI CRAFT (Artistica),,25500,,,,230000,x 10 unid,,2532,TRUE
H1-2533,"Perforadora p/ tags 6,3 cm",IBI CRAFT (Artistica),,32500,,,,290000,x 10 unid,,2533,TRUE
H1-2534,"Perforadora p/ tags 7,5 cm",IBI CRAFT (Artistica),,37000,,,,325000,x 10 unid,,2534,TRUE
H1-2536,Set 3 perforadora circulo,IBI CRAFT (Artistica),,32500,,,,290000,x 10 unid,,2536,TRUE
H1-2538,perforadora artistica de goma eva 25 mm,IBI CRAFT (Artistica),,8500,,,,74000,x 10 unid,,2538,TRUE
H1-2539,perforadora artistica de goma eva 38 mm,IBI CRAFT (Artistica),,16500,,,,145000,x 10 unid,,2539,TRUE
H1-2540,perforadora artistica de goma eva 50 mm,IBI CRAFT (Artistica),,23000,,,,210000,x 10 unid,,2540,TRUE
H1-2542,Tablero Creador Banderines IBI,IBI CRAFT (Artistica),,42000,,,,370000,x 10 unid,,2542,TRUE
H1-2544,Corner Punch ( perforadora de esquina) 3 en 1,IBI CRAFT (Artistica),,11000,,,,96000,x 10 unid,,2544,TRUE
H1-2546,perforadora para esquinas (90 a 250 grs),IBI CRAFT (Artistica),,11000,,,,96000,x 10 unid,,2546,TRUE
H1-2548,Perforadora para Guarda,IBI CRAFT (Artistica),,15000,,,,130000,x 10 unid,,2548,TRUE
H1-2550,Cortadora multiple para papel 12 en 1,IBI CRAFT (Artistica),,38000,,,,340000,x 10 unid,,2550,TRUE
H1-2551,Cortante Circular 8 a 32 cm,IBI CRAFT (Artistica),,16000,,,,140000,x 10 unid,,2551,TRUE
H1-2553,Cutter rotativo recto,IBI CRAFT (Artistica),,6500,,,,60000,x 10 unid,,2553,TRUE
H1-2555,Bisturi 360,IBI CRAFT (Artistica),,,,,,,x 10 unid,,2555,TRUE
H1-2556,Bisturi retractil,IBI CRAFT (Artistica),,3000,,,,27000,x 10 unid,,2556,TRUE
H1-2558,Troqueladora para papel y Cartulina 90-300 grs ( para hacer tags) IBI,IBI CRAFT (Artistica),,27000,,,,240000,x 10 unid,,2558,TRUE
H1-2560,"Set de 3 Tijeras (10cm/16,5 cm/21,5 cm)",IBI CRAFT (Artistica),,22000,,,,195000,x 10 unid,,2560,TRUE
H1-2562,Tijera Satreria,IBI CRAFT (Artistica),,24500,,,,216000,x 10 unid,,2562,TRUE
H1-2564,Guillotina a palanca con base metalica A4,IBI CRAFT (Artistica),,26000,,,,230000,x 10 unid,,2564,TRUE
H1-2565,Guillotina rotativa A3 3 en 1,IBI CRAFT (Artistica),,57000,,,,510000,x 10 unid,,2565,TRUE
H1-2568,Wasi colores,IBI CRAFT (Artistica),,7600,,,,,,,2568,TRUE
H1-2569,Washi Pastel,IBI CRAFT (Artistica),,8000,,,,,,,2569,TRUE
H1-2570,Washi Tape Love,IBI CRAFT (Artistica),,9000,,,,,,,2570,TRUE
H1-2571,Washi Tape Happy,IBI CRAFT (Artistica),,8000,,,,,,,2571,TRUE
H1-2572,Washi Tape Rainbow,IBI CRAFT (Artistica),,7000,,,,,,,2572,TRUE
H1-2573,Washi Tape edicion limitada voila,IBI CRAFT (Artistica),,7500,,,,,,,2573,TRUE
H1-2574,Washi tape glitter,IBI CRAFT (Artistica),,500,,,,16000,caja x 48 unid,Unidad: $500 cada rollo,2574,TRUE
H1-2576,Broches madera natural 25 mm / color paq x 50 unid,IBI CRAFT (Artistica),,2600,,,,23000,x 10 paq,,2576,TRUE
H1-2577,Broches madera natural 35 mm / color paq x 50 unid,IBI CRAFT (Artistica),,3900,,,,35000,x 10 paq,,2577,TRUE
H1-2579,Silicona liquida 30 ml,IBI CRAFT (Artistica),,800,,,,16800,caja x 24 unid,,2579,TRUE
H1-2580,Silicona liquida 60 ml,IBI CRAFT (Artistica),,1400,,,,31200,caja x 24 unid,,2580,TRUE
H1-2581,Silicona liquida 100 ml,IBI CRAFT (Artistica),,1700,,,,18000,caja x 12 unid,,2581,TRUE
H1-2582,Silicona liquida 250 ml,IBI CRAFT (Artistica),,3800,,,,39600,caja x 12 unid,,2582,TRUE
H1-2583,Silicona liquida 500 ml,IBI CRAFT (Artistica),,7400,,,,39000,caja x 6 unid,,2583,TRUE
H1-2585,bariitas silicona x kg (90 unid aprox),IBI CRAFT (Artistica),,2000,11000,,,90000,x 10 kg,Unidad: x 10 unid $ 2000 · x 10: x kg $11000,2585,TRUE
H1-2587,Pistola silicona IBI (finita),IBI CRAFT (Artistica),,13000,,,,120000,x 10 unid,,2587,TRUE
H1-2588,Pistola silicona IBI (gruesa),IBI CRAFT (Artistica),,17000,,,,150000,x 10 unid,,2588,TRUE
H1-2590,Pistola silicona (marca Rock),IBI CRAFT (Artistica),,8000,,,,71000,x 10 unid,,2590,TRUE
H1-2591,Pistola silicona (marca Motex),IBI CRAFT (Artistica),,14000,,,,125000,x 10 unid,,2591,TRUE
H1-2593,Calculadora IBI de escritorio,IBI CRAFT (Artistica),,15000,,,,,,,2593,TRUE
H1-2595,PORTA CINTA 12X60/24X60 ibi chico,IBI CRAFT (Artistica),,4500,,,,39000,x 10 unid,,2595,TRUE
H1-2597,Selladora de bolsas con cuerpo metalico 20 cm IBI,IBI CRAFT (Artistica),,35000,,,,310000,x 10 unid,,2597,TRUE
H1-2598,Selladora de bolsas con cuerpo metalico 30 cm IBI,IBI CRAFT (Artistica),,50000,,,,430000,x 10 unid,,2598,TRUE
H1-2599,Selladora de bolsas con cuerpo metalico 40 cm IBI,IBI CRAFT (Artistica),,70000,,,,630000,x 10 unid,,2599,TRUE
H1-2601,Goma eva lisa IBI (40x60),IBI CRAFT (Artistica),,800,5600,,,50000,x 100 unid,,2601,TRUE
H1-2602,Goma eva glitter IBI (40x60),IBI CRAFT (Artistica),,1200,10500,,,95000,x 100 unid,,2602,TRUE
H1-2604,Deco Torta Dia del padre,"DECO TORTA,TOPPERS Y MINI BANDERIN",,,,,,,x 10 unid,,2604,TRUE
H1-2605,Combo Feliz Cumple +vela + bengala,"DECO TORTA,TOPPERS Y MINI BANDERIN",,6000,,,,52000,x 10 unid,,2605,TRUE
H1-2606,Banderin torta ( 4 modulos-blister),"DECO TORTA,TOPPERS Y MINI BANDERIN",,3500,,,,26000,x 10 unid,,2606,TRUE
H1-2607,Kit Torta (banderin 3 modulos + 6 toppers),"DECO TORTA,TOPPERS Y MINI BANDERIN",,6000,,,,53000,x 10 unid,,2607,TRUE
H1-2608,"Kit Numero cumple + topper (40, 15 50)","DECO TORTA,TOPPERS Y MINI BANDERIN",,6500,,,,56000,x 10 unid,,2608,TRUE
H1-2609,"Deco paper Torta (diseños surtidos, Troquelados)","DECO TORTA,TOPPERS Y MINI BANDERIN",,8500,,,,75000,x 10 unid,,2609,TRUE
H1-2611,Topper individual x 2 feliz día,"DECO TORTA,TOPPERS Y MINI BANDERIN",,3700,,,,33000,x 10,,2611,TRUE
H1-2612,Troquel Feliz Día minimalitos,"DECO TORTA,TOPPERS Y MINI BANDERIN",,4500,,,,38000,x 10,,2612,TRUE
H1-2614,Topper suelto Feliz Cumple chico,"DECO TORTA,TOPPERS Y MINI BANDERIN",,500,4500,,,35000,x 100 unid,,2614,TRUE
H1-2615,Topper suelto Feliz Cumple grande,"DECO TORTA,TOPPERS Y MINI BANDERIN",,900,8000,,,60000,x 100 unid,,2615,TRUE
H1-2617,"Tarjetas rectas (rectangular) 7,5x10cm x 6 unid","DECO TORTA,TOPPERS Y MINI BANDERIN",,1600,,,,14000,x 10 unid,,2617,TRUE
H1-2618,Tarjetas 9x9 x 6 unid,"DECO TORTA,TOPPERS Y MINI BANDERIN",,2000,,,,18000,x 10 unid,,2618,TRUE
H1-2619,Tags c/ Hilo x 6 unid,"DECO TORTA,TOPPERS Y MINI BANDERIN",,1900,,,,17000,x 10 unid,,2619,TRUE
H1-2622,Cortinas Metalizadas 1 x 2 mts,VELAS / BANDERINES / CORTINAS,,1000,,,,80000,x 100 unid,,2622,TRUE
H1-2623,cortinas cuadrados metalizados 1 x 2 mts,VELAS / BANDERINES / CORTINAS,,1300,,,,110000,x 100 unid,,2623,TRUE
H1-2624,Cortina estrellas / corazones Metalizadas,VELAS / BANDERINES / CORTINAS,,1300,,,,110000,x 100 unid,,2624,TRUE
H1-2625,Cortina Multicolor 2x1,VELAS / BANDERINES / CORTINAS,,1600,,,,145000,x 100 unid,,2625,TRUE
H1-2627,"BANDERIN *FELIZ CUMPLEAÑOS* GLITTER , LETRAS STAMPING",VELAS / BANDERINES / CORTINAS,,2500,23500,,,210000,x 100 unid,,2627,TRUE
H1-2628,BANDERIN FELIZ CUMPLEAÑOS STAMPING,VELAS / BANDERINES / CORTINAS,,2000,18500,,,165000,x 100 unid,,2628,TRUE
H1-2629,BANDERIN Feliz Cumple multicolar,VELAS / BANDERINES / CORTINAS,,1500,,,,100000,x 100 unid,,2629,TRUE
H1-2631,Guirnalda paste borde dorado (Feliz Cumple),VELAS / BANDERINES / CORTINAS,,2000,,,,160000,x 100 unid,,2631,TRUE
H1-2633,Banderin Alpillera colores,VELAS / BANDERINES / CORTINAS,,2500,,,,200000,x 100 unid,,2633,TRUE
H1-2634,banderin Alpillera Kraft,VELAS / BANDERINES / CORTINAS,,3500,,,,300000,x 100 unid,,2634,TRUE
H1-2636,Banderin friselina 2 mts (multicolor- Arcoiris),VELAS / BANDERINES / CORTINAS,,2000,15000,,,135000,x 100 unid,,2636,TRUE
H1-2637,Banderin friselina 5 mts (multicolor- Arcoiris- Argentina),VELAS / BANDERINES / CORTINAS,,4000,35000,,,320000,x 100 unid,,2637,TRUE
H1-2638,Banderin friselina 10 mts (multicolor),VELAS / BANDERINES / CORTINAS,,6600,,,,590000,x 100 unid,,2638,TRUE
H1-2639,Mega Banderin friselina doble punta 10 mts (multicolor),VELAS / BANDERINES / CORTINAS,,12000,,,,1050000,x 100 unid,,2639,TRUE
H1-2640,Banderin Bandera Argentina 30x45 cm cada bandera x 10 mts,VELAS / BANDERINES / CORTINAS,,17000,,,,1400000,x 100 unid,,2640,TRUE
H1-2642,VELAS FINITAS 17cm multicolor (cod: VTSFL),VELAS / BANDERINES / CORTINAS,,200,2500,,,220000,x 100 blister,x 10: Blister x 24 u $2500,2642,TRUE
H1-2643,VELAS LARGAS METALIZADAS (cod: VLM),VELAS / BANDERINES / CORTINAS,,800,4600,,,400000,x 100 blister,x 10: Blister X8 u $ 4600,2643,TRUE
H1-2645,VELAS MAGICAS MULTICOLORES - Blister x 10un. (se vuelven a encender),VELAS / BANDERINES / CORTINAS,,2100,,,,180000,x 100 blister,,2645,TRUE
H1-2646,VELAS RAYADAS C/12 BASES - Blister x 24 u,VELAS / BANDERINES / CORTINAS,,2700,,,,235000,x 100 blister,,2646,TRUE
H1-2650,"15 x 20/15x25 ""Terlizzi""",BOLSAS RIÑON,,,,4000,,,,,2650,TRUE
H1-2651,Producto sin nombre (fila 2651),BOLSAS RIÑON,,,,4500,,,,La planilla original no contiene nombre para esta fila.,2651,TRUE
H1-2652,"25 x 35 ""Terlizzi""",BOLSAS RIÑON,,,,6000,,,,,2652,TRUE
H1-2653,"30 x 40 ""Terlizzi""",BOLSAS RIÑON,,,,7500,,,,,2653,TRUE
H1-2654,"35 x 45 ""Terlizzi""",BOLSAS RIÑON,,,,9500,,,,,2654,TRUE
H1-2655,"40 x 50 ""Terlizzi""",BOLSAS RIÑON,,,,11500,,,,,2655,TRUE
H1-2656,"50 x 60 ""Terlizzi""",BOLSAS RIÑON,,,,19000,,,,,2656,TRUE
H1-2658,9x15 importadas,BOLSAS RIÑON,,,,2000,,180000,Bulto x 1000,,2658,TRUE
H1-2659,15x20 fantasia importadas (paq x 100 unid),BOLSAS RIÑON,,,,7000,,62000,bulto x 1000,,2659,TRUE
H1-2661,15 x 20 Fantasia / lisas Economica (paq x 50 unid),BOLSAS RIÑON,,,,3300,,29000,Bulto x 500 unid,,2661,TRUE
H1-2662,20 x 30 Fantasia / lisas Economica (paq x 50 unid),BOLSAS RIÑON,,,,3400,,31000,Bulto x 500 unid,,2662,TRUE
H1-2663,25 x 35 Fantasia / lisas Economica (paq x 50 unid),BOLSAS RIÑON,,,,4500,,40000,Bulto x 500 unid,,2663,TRUE
H1-2664,30 x 40 Fantasia / lisas Economica (paq x 50 unid),BOLSAS RIÑON,,,,6100,,55000,Bulto x 500 unid,,2664,TRUE
H1-2665,35 x 45 Fantasia / lisas Economica (paq x 50 unid),BOLSAS RIÑON,,,,8100,,72000,Bulto x 500 unid,,2665,TRUE
H1-2666,40 x 50 Fantasia / lisas Economica (paq x 50 unid),BOLSAS RIÑON,,,,9600,,84000,Bulto x 500 unid,,2666,TRUE
H1-2667,50 x 60 Fantasia / lisas Economica (paq x 50 unid),BOLSAS RIÑON,,,,15000,,132000,Bulto x 500 unid,,2667,TRUE
H1-2669,Botella 16 x 45 Fantasia Economica (paq x 50 unid),BOLSAS RIÑON,,200,1500,4800,,84000,Bulto x 1000 unid,,2669,TRUE
H1-2673,"15 X 21 o 15x 26,5 corte riñon Liso blanco, Beige y Negro",BOLSAS FRISELINA,,300,2200,10000,18500,33000,bulto x 200 unid,,2673,TRUE
H1-2674,"15 X 21 o 15x 26,5 corte riñon Liso colores y lunares",BOLSAS FRISELINA,,400,2500,10000,19000,33000,bulto x 200 unid,,2674,TRUE
H1-2675,"15x 26,5 Blanca flor acuarela",BOLSAS FRISELINA,,400,2500,11000,20000,35000,bulto x 200 unid,,2675,TRUE
H1-2677,"22,5 x 30 Corte riñon Liso blanco, beige y negro",BOLSAS FRISELINA,,400,3000,13500,25000,44000,bulto x 200 unid,,2677,TRUE
H1-2678,"22,5 x 30 Corte riñon colores liso Y Lunares",BOLSAS FRISELINA,,500,3300,14500,27000,48000,bulto x 200 unid,,2678,TRUE
H1-2679,"22,5 x 30 Corte riñon Disney",BOLSAS FRISELINA,,500,3500,,,,,,2679,TRUE
H1-2681,"17,5 x 40 ( para una botella) Impresa",BOLSAS FRISELINA,,500,3500,15000,28000,39000,bulto x 150 unid,,2681,TRUE
H1-2682,"22,5 x 50 (para dos botellas) Impresa",BOLSAS FRISELINA,,500,3600,16000,30000,40000,bulto x 150 unid,,2682,TRUE
H1-2684,30 x 30 con asa Lisa (Negra-blanca -crudo),BOLSAS FRISELINA,,600,5000,22000,,40000,bulto x 100 unid,,2684,TRUE
H1-2685,30 x 30 // 30x40 con asa Lisa (Colores surtidos),BOLSAS FRISELINA,,700,5500,24000,,42000,bulto x 100 unid,,2685,TRUE
H1-2686,30 x 30 con asa Disney,BOLSAS FRISELINA,,800,6000,,,,bulto x 100 unid,,2686,TRUE
H1-2688,30 x 40 corte riñon (blanca),BOLSAS FRISELINA,,600,4500,18500,35000,62000,bulto x 200 unid,,2688,TRUE
H1-2689,"30 x 40 corte riñon (frases, regalo)",BOLSAS FRISELINA,,600,4500,19000,37000,65000,bulto x 200 unid,,2689,TRUE
H1-2691,"45x40 con asa Lisa (Blanco, Baige y Negro)",BOLSAS FRISELINA,,800,6500,30000,,53000,bulto x 100 unid,,2691,TRUE
H1-2692,45x40 con asa Lisa (colores),BOLSAS FRISELINA,,900,7500,33000,,60000,bulto x 100 unid,,2692,TRUE
H1-2693,45x40 con asa Disney- buhos-arabezcos-mandalas- Argentina,BOLSAS FRISELINA,,800,6500,30000,,55000,bulto x 100 unid,,2693,TRUE
H1-2695,Bolsa Friselina 45x40 con fuelle PROMO,BOLSAS FRISELINA,,,,,,,x 100 unid,,2695,TRUE
H1-2696,Bolsa Friselina 45x40 con fuelle inf/5 cm con asa Navideñas (Terlizzi) cod 23 / 60,BOLSAS FRISELINA,,,,,,,x caja de 100 unid,,2696,TRUE
H1-2697,Bolsa PLastica 45x60 manija riñon con fuelle inf/ 7 cm Navideñas (Terlizzi) cod 112,BOLSAS FRISELINA,,,,,,,x caja de 250 unid,,2697,TRUE
H1-2698,Bolsa Friselina 30x40 con fiuelle inf/ 5cm manija riñon Navideñas (Terlizzi) cod 113,BOLSAS FRISELINA,,,,,,,x caja de 200 unid,,2698,TRUE
H1-2701,14x20 /// 18X20,BOLSAS KP FANTASIA,,800,6000,,,50000,X 100,,2701,TRUE
H1-2702,22X30,BOLSAS KP FANTASIA,,900,7000,,,60000,X 100,,2702,TRUE
H1-2703,30X41,BOLSAS KP FANTASIA,,1100,9500,,,80000,X 100,,2703,TRUE
H1-2705,Bolsa Magia (violeta+negro+dorado+oro) o ( Negro + Plata) 18x23x11,BOLSAS KP FANTASIA,,1400,12500,,,110000,X 100,,2705,TRUE
H1-2706,Bolsa Magia (violeta+negro+dorado+oro) o ( Negro + Plata) 23x30x11,BOLSAS KP FANTASIA,,1700,15000,,,135000,x100,,2706,TRUE
H1-2708,Bolsa Zodiaco (azul +plata +plata) (violeta+dorado+oro) 18x23x11,BOLSAS KP FANTASIA,,1400,12500,,,110000,X 100,,2708,TRUE
H1-2709,Bolsa Zodiaco (azul +plata +plata) (violeta+dorado+oro) 23x30x11,BOLSAS KP FANTASIA,,1700,15000,,,135000,x100,,2709,TRUE
H1-2711,Bolsa Argentina (negro y oro + dorado) o (celeste y blanca + oro) 18x23x11,BOLSAS KP FANTASIA,,1400,12500,,,110000,X 100,,2711,TRUE
H1-2712,Bolsa Argentina (negro y oro + dorado) o (celeste y blanca + oro) 23x30x11,BOLSAS KP FANTASIA,,1700,15000,,,135000,X 100,,2712,TRUE
H1-2714,Bolsa Sweet pack 23x30x11 + tag,BOLSAS KP FANTASIA,,1300,11000,,,95000,x 100,,2714,TRUE
H1-2717,"Kp0 (9,5cm ancho x 6,0cm fuelle x 15,5cm alto)",BOLSAS CON MANIJA KP / ORGANZA / SOBRES DELIVERY / MANILA,,500,4000,17500,,62000,caja x 200 unid,,2717,TRUE
H1-2718,"Kp1 (12cm ancho x 6,0cm fuelle x 19,5cm alto)",BOLSAS CON MANIJA KP / ORGANZA / SOBRES DELIVERY / MANILA,,600,4500,18500,,33000,caja x 100 unid,,2718,TRUE
H1-2719,"Kp2 (16cm ancho x 8,0cm fuelle x 24cm alto)",BOLSAS CON MANIJA KP / ORGANZA / SOBRES DELIVERY / MANILA,,600,4600,20000,37600,68000,caja x 200 unid,,2719,TRUE
H1-2720,"Kp3 (19,7cm ancho x 9,0cm fuelle x 32,0cm alto)",BOLSAS CON MANIJA KP / ORGANZA / SOBRES DELIVERY / MANILA,,600,4700,21000,,35000,caja x 100 unid,,2720,TRUE
H1-2721,"Kp4 ( 26cm ancho x 12,5cm fuelle x 36cm alto)",BOLSAS CON MANIJA KP / ORGANZA / SOBRES DELIVERY / MANILA,,700,5000,22000,,39000,caja x 100 unid,,2721,TRUE
H1-2722,Kp5 ( 30cm ancho x 11cm fuelle x 41cm alto),BOLSAS CON MANIJA KP / ORGANZA / SOBRES DELIVERY / MANILA,,700,5500,25000,,45000,caja x 100 unid,,2722,TRUE
H1-2723,"Kp7 ( 35cm ancho x 13,8cm fuelle x 47cm alto)",BOLSAS CON MANIJA KP / ORGANZA / SOBRES DELIVERY / MANILA,,800,6500,29500,,52000,caja x 100 unid,,2723,TRUE
H1-2724,Kp8 ( 40cm ancho x 15 cm fuelle x 38cm alto),BOLSAS CON MANIJA KP / ORGANZA / SOBRES DELIVERY / MANILA,,900,7000,32500,,58000,caja x 100 unid,,2724,TRUE
H1-2725,Kp9 (45cm ancho x 15cm de fuelle x 50cm alto),BOLSAS CON MANIJA KP / ORGANZA / SOBRES DELIVERY / MANILA,,1100,9500,43500,,77000,caja x 100 unid,,2725,TRUE
H1-2727,Bp0 Blancas,BOLSAS CON MANIJA KP / ORGANZA / SOBRES DELIVERY / MANILA,,,,,,,caja x 200 unid,,2727,TRUE
H1-2728,Bp1 Blancas,BOLSAS CON MANIJA KP / ORGANZA / SOBRES DELIVERY / MANILA,,,,,,,caja x 100 unid,,2728,TRUE
H1-2729,Bp2 Blancas,BOLSAS CON MANIJA KP / ORGANZA / SOBRES DELIVERY / MANILA,,,,,,,caja x 100 unid,,2729,TRUE
H1-2730,Bp3 Blancas,BOLSAS CON MANIJA KP / ORGANZA / SOBRES DELIVERY / MANILA,,,,,,,caja x 100 unid,,2730,TRUE
H1-2731,Bp4 Blancas,BOLSAS CON MANIJA KP / ORGANZA / SOBRES DELIVERY / MANILA,,,,,,,caja x 100 unid,,2731,TRUE
H1-2733,BP3 ARGENTINA Stamping dorado (21x9x30 cm),BOLSAS CON MANIJA KP / ORGANZA / SOBRES DELIVERY / MANILA,,600,4500,19800,,35000,caja x 100,,2733,TRUE
H1-2735,Kp0 Verdes / Rojas,BOLSAS CON MANIJA KP / ORGANZA / SOBRES DELIVERY / MANILA,,500,4000,,,,,,2735,TRUE
H1-2736,Kp1 Verdes / Rojas,BOLSAS CON MANIJA KP / ORGANZA / SOBRES DELIVERY / MANILA,,500,4200,,,,,,2736,TRUE
H1-2737,Kp2 Verdes / Rojas,BOLSAS CON MANIJA KP / ORGANZA / SOBRES DELIVERY / MANILA,,500,4300,,,,,,2737,TRUE
H1-2738,Kp3 Verdes / Rojas,BOLSAS CON MANIJA KP / ORGANZA / SOBRES DELIVERY / MANILA,,500,4300,,,,,,2738,TRUE
H1-2739,Kp4 Verdes / Rojas,BOLSAS CON MANIJA KP / ORGANZA / SOBRES DELIVERY / MANILA,,600,5400,,,,,,2739,TRUE
H1-2741,"Kp 1 botella ( 12cm ancho x 9,0cm fuelle x 36cm alto)",BOLSAS CON MANIJA KP / ORGANZA / SOBRES DELIVERY / MANILA,,600,5000,21500,,40000,caja x 100 unid,,2741,TRUE
H1-2742,Kp 2 botellas ( 18cm ancho x 10cm fuelle x 37cm alto),BOLSAS CON MANIJA KP / ORGANZA / SOBRES DELIVERY / MANILA,,700,5500,24500,,44000,caja x 100 unid,,2742,TRUE
H1-2743,Bolsa Botella con cordon impresa con base refuerzo,BOLSAS CON MANIJA KP / ORGANZA / SOBRES DELIVERY / MANILA,,800,6000,,,55000,caja x 100 unid,,2743,TRUE
H1-2745,"Caja Para vino ""El Camino"" (39 largo x8,5 ancho x 8,5 fuelle)",BOLSAS CON MANIJA KP / ORGANZA / SOBRES DELIVERY / MANILA,,1200,6420,,,95000,Bulto x 100 unid,x 10: x6 unid $ 6420,2745,TRUE
H1-2746,"Caja para Vino diseño ""Cultura Argentina"" 32x9x9",BOLSAS CON MANIJA KP / ORGANZA / SOBRES DELIVERY / MANILA,,1300,11500,,,100000,Bulto x 100 unid,,2746,TRUE
H1-2747,Box Viñedo para vino (con stamping negro y laminado mate) 31x17x9,BOLSAS CON MANIJA KP / ORGANZA / SOBRES DELIVERY / MANILA,,2800,,,,,Bulto x 100,,2747,TRUE
H1-2748,"Box Premium para copa y Vino ""Rios Y Leyendas""",BOLSAS CON MANIJA KP / ORGANZA / SOBRES DELIVERY / MANILA,,3700,35000,,,310000,x 100 unid,,2748,TRUE
H1-2750,Bolsa Super resistente Negra felicidades (stamping Oro) 1 Botella,BOLSAS CON MANIJA KP / ORGANZA / SOBRES DELIVERY / MANILA,,500,4500,,,,x 100 unid,,2750,TRUE
H1-2752,Caja para 1 botella Kraft con ventana super reforzada (DP),BOLSAS CON MANIJA KP / ORGANZA / SOBRES DELIVERY / MANILA,,600,5000,,,,Bulto x 100 unid,,2752,TRUE
H1-2753,Caja para 2 botellas Kraft con ventana super reforzada (DP),BOLSAS CON MANIJA KP / ORGANZA / SOBRES DELIVERY / MANILA,,850,8000,,,,Bulto x 100 unid,,2753,TRUE
H1-2755,"Bolsas Metalizadas ""El Camino""",BOLSAS CON MANIJA KP / ORGANZA / SOBRES DELIVERY / MANILA,,450,,,,,,,2755,TRUE
H1-2756,Bolsa chica con cordon horizonatal o apaisada (8x11),BOLSAS CON MANIJA KP / ORGANZA / SOBRES DELIVERY / MANILA,,300,,,,,,,2756,TRUE
H1-2757,Bolsa grande con cordon horizonatal o apaisada,BOLSAS CON MANIJA KP / ORGANZA / SOBRES DELIVERY / MANILA,,400,,,,,,,2757,TRUE
H1-2759,Bolsas Organza 7 x 9 cm,BOLSAS CON MANIJA KP / ORGANZA / SOBRES DELIVERY / MANILA,,300,2000,,12000,100000,Bulto x 1000,,2759,TRUE
H1-2760,Bolsas Organza 9 x 13 cm,BOLSAS CON MANIJA KP / ORGANZA / SOBRES DELIVERY / MANILA,,300,2000,,15000,135000,Bulto x 1000,,2760,TRUE
H1-2761,Bolsas Organza 10 x 15 cm,BOLSAS CON MANIJA KP / ORGANZA / SOBRES DELIVERY / MANILA,,400,2500,,18000,160000,Bulto x 1000,,2761,TRUE
H1-2762,Bolsas Organza 13 x 18 cm,BOLSAS CON MANIJA KP / ORGANZA / SOBRES DELIVERY / MANILA,,400,3000,,22000,190000,Bulto x 1000,,2762,TRUE
H1-2763,Bolsas Organza 17 x 24 cm,BOLSAS CON MANIJA KP / ORGANZA / SOBRES DELIVERY / MANILA,,500,4000,,32000,280000,Bulto x 1000,,2763,TRUE
H1-2765,Sobres Hologramados 6x8 con autoadhesivo,BOLSAS CON MANIJA KP / ORGANZA / SOBRES DELIVERY / MANILA,,100,2600,,,23000,10 paq x 50 unid,x 10: paq x 50 $2600,2765,TRUE
H1-2767,Bolsones blancos (70x45x15 cm),BOLSAS CON MANIJA KP / ORGANZA / SOBRES DELIVERY / MANILA,,1000,8000,,,,,,2767,TRUE
H1-2769,"Sobres FB food Colores lisas, lunares y estampa (12cm ancho x 7cm fuelle x 24cm alto)",BOLSAS CON MANIJA KP / ORGANZA / SOBRES DELIVERY / MANILA,,,2500,,22000,200000,Caja x 1000,,2769,TRUE
H1-2770,Sobres FB food FLUOR (12cm ancho x 7cm fuelle x 24cm alto),BOLSAS CON MANIJA KP / ORGANZA / SOBRES DELIVERY / MANILA,,,2800,,25500,225000,Caja x 1000,,2770,TRUE
H1-2771,Sobres FB food Argentina Campeon Stamping (brillosas),BOLSAS CON MANIJA KP / ORGANZA / SOBRES DELIVERY / MANILA,,,2500,,22000,200000,Caja x 1000,,2771,TRUE
H1-2772,Sobres FB food Stamping (brillosas),BOLSAS CON MANIJA KP / ORGANZA / SOBRES DELIVERY / MANILA,,,3200,,29000,127500,Caja x 500,,2772,TRUE
H1-2773,Sobres FB food fantasia con fuelle DISNEY / MARVEL PROMOOO,BOLSAS CON MANIJA KP / ORGANZA / SOBRES DELIVERY / MANILA,,,2500,,20000,45000,Caja x 250,,2773,TRUE
H1-2774,Sobres FB edicion especial F1 (colapinto) y Capibara,BOLSAS CON MANIJA KP / ORGANZA / SOBRES DELIVERY / MANILA,,,2500,,20000,90000,Caja x 500,,2774,TRUE
H1-2776,Sobres FB Promo,BOLSAS CON MANIJA KP / ORGANZA / SOBRES DELIVERY / MANILA,,,,,15000,,bulto x 1000 unid,,2776,TRUE
H1-2777,Sobres FB promo Lunares surtidos Murillo,BOLSAS CON MANIJA KP / ORGANZA / SOBRES DELIVERY / MANILA,,,,,15000,,x 500,,2777,TRUE
H1-2779,Sobres promo Nautica y Shabby (14 x 28),BOLSAS CON MANIJA KP / ORGANZA / SOBRES DELIVERY / MANILA,,,,,,,,,2779,TRUE
H1-2781,Bolsa Snack,BOLSAS CON MANIJA KP / ORGANZA / SOBRES DELIVERY / MANILA,,,500,,3000,,caja x 1000 unid,,2781,TRUE
H1-2782,Bolsa POP CORN Chica (11x19x7cm),BOLSAS CON MANIJA KP / ORGANZA / SOBRES DELIVERY / MANILA,,,,,,,,,2782,TRUE
H1-2784,"Bolsa delivery FM3 (12,5x24,5x8)",BOLSAS CON MANIJA KP / ORGANZA / SOBRES DELIVERY / MANILA,,,1200,4700,8500,76000,Caja 1000 unid,,2784,TRUE
H1-2785,Bolsa delivery FM4 (16x30x10 cm),BOLSAS CON MANIJA KP / ORGANZA / SOBRES DELIVERY / MANILA,,,1500,6000,11000,47000,Caja x 500 unid,,2785,TRUE
H1-2786,Bolsa delivery FM5 (20x30x11 cm),BOLSAS CON MANIJA KP / ORGANZA / SOBRES DELIVERY / MANILA,,,1500,6500,12000,51000,Caja x 500 unid,,2786,TRUE
H1-2787,"Bolsa delivery FM7 (26x37x12,5 cm)",BOLSAS CON MANIJA KP / ORGANZA / SOBRES DELIVERY / MANILA,,,2000,9000,16000,36000,Caja x 250 unid,,2787,TRUE
H1-2788,"Bolsa delivery FM8 (26x37,5x17 cm)",BOLSAS CON MANIJA KP / ORGANZA / SOBRES DELIVERY / MANILA,,,3000,11500,21000,45000,Caja x 250 unid,,2788,TRUE
H1-2790,Bolsas Delivery FM3 (16x8x28) Promo,BOLSAS CON MANIJA KP / ORGANZA / SOBRES DELIVERY / MANILA,,,,4000,6000,16000,caja x 300 unid,,2790,TRUE
H1-2791,Bolsas Delivery FM5 (20x11x30) Promo,BOLSAS CON MANIJA KP / ORGANZA / SOBRES DELIVERY / MANILA,,,,4600,8000,17500,caja x 250 unid,,2791,TRUE
H1-2792,"Bolsas Delivery FM7 (26x12,5x37,5) Promo",BOLSAS CON MANIJA KP / ORGANZA / SOBRES DELIVERY / MANILA,,,,7000,12000,23750,caja x 250 unid,,2792,TRUE
H1-2793,Bolsas Delivery FM8 (26x17x38) Promo,BOLSAS CON MANIJA KP / ORGANZA / SOBRES DELIVERY / MANILA,,,,8000,14500,31250,caja x 250 unid,,2793,TRUE
H1-2795,"Sobre Carta Com Nª 6800 Blanco 80 grs (11,4x16,2)",BOLSAS CON MANIJA KP / ORGANZA / SOBRES DELIVERY / MANILA,,100,700,2500,4500,18500,Caja x 500 unid,,2795,TRUE
H1-2796,Sobre Oficio Ingles Nª2820 Blanco 80 grs (13x19),BOLSAS CON MANIJA KP / ORGANZA / SOBRES DELIVERY / MANILA,,200,800,3000,4700,41000,Caja x 1000 unid,,2796,TRUE
H1-2798,Carta Corazón Diseño bordo y Beige (12x10),BOLSAS CON MANIJA KP / ORGANZA / SOBRES DELIVERY / MANILA,,400,3000,,,27000,x 100 unid,,2798,TRUE
H1-2800,"Sobres mini colores impresos y pasteles (7,5x 10) papel obra de 120 grs",BOLSAS CON MANIJA KP / ORGANZA / SOBRES DELIVERY / MANILA,,150,1500,,10000,40000,Caja x 500 unid,,2800,TRUE
H1-2801,"Sobres en papel kraft misionero 100 grs. GRANDE (18,5 x 12,5)",BOLSAS CON MANIJA KP / ORGANZA / SOBRES DELIVERY / MANILA,,400,3000,,21000,190000,x 200 unid,,2801,TRUE
H1-2804,Sobre Manila con solapa Kraft 80 grs (13x19),BOLSAS CON MANIJA KP / ORGANZA / SOBRES DELIVERY / MANILA,,100,600,,4000,35000,Caja x 1000 unid,,2804,TRUE
H1-2805,"Sobre Manila con solapa Kraft 80 grs ( 14x21,5)",BOLSAS CON MANIJA KP / ORGANZA / SOBRES DELIVERY / MANILA,,100,800,,4500,39000,Caja x 1000 unid,,2805,TRUE
H1-2806,"Sobre Manila con solapa Kraft 80 grs ( 23x32,5)",BOLSAS CON MANIJA KP / ORGANZA / SOBRES DELIVERY / MANILA,,200,1000,,7500,65000,Caja x 1000 unid,,2806,TRUE
H1-2807,Sobre Manila con solapa Kraft 80 grs ( 25x35),BOLSAS CON MANIJA KP / ORGANZA / SOBRES DELIVERY / MANILA,,200,1200,,8500,73000,Caja x 1000 unid,,2807,TRUE
H1-2809,20 x 30 Blanca Reforzada (calidad 4000),CAMISETAS,,1400,,,,48000,Bolson x 40 paq,,2809,TRUE
H1-2811,30 x 40 Blanca funda amarilla (poly),CAMISETAS,,1400,,,,24000,Bolson x 20 paq,,2811,TRUE
H1-2812,30 x 40 Rayada naranja (Funda Naranja) (calidad 3200),CAMISETAS,,1700,,,,34000,Bolson x 20 paq,,2812,TRUE
H1-2813,30 x 40 Mamut ( funda roja) (Poly),CAMISETAS,,1800,,,,30000,Bolson x 20 paq,,2813,TRUE
H1-2814,30 x 40 Blanca (Funda AZUL) (calidad 4000),CAMISETAS,,2500,,,,45000,Bolson x 20 paq,,2814,TRUE
H1-2816,30 x 40 Blanca Cp x 80 unid,CAMISETAS,,1400,,,,24000,Bolson x 20 paq,,2816,TRUE
H1-2817,30 x 40 Blanca Virgen 12 mc x 70 unid (ol),CAMISETAS,,1500,,,,26000,Bolson x 20 paq,,2817,TRUE
H1-2818,30 x 40 Color Cp x 80 unid,CAMISETAS,,1200,,,,21000,Bolson x 20 paq,,2818,TRUE
H1-2819,30 x 40 Color (G),CAMISETAS,,1200,,,,21000,Bolson x 20 paq,,2819,TRUE
H1-2820,30 x 40 Baja densidad BLANCA paq x 100 unid (ideal Heladerias),CAMISETAS,,4200,,,,76000,bulto x 20 paq,,2820,TRUE
H1-2822,40 x 50 Blanca (Funda amarilla) Liviana (calidad 4900),CAMISETAS,,2900,,,,46000,Bolson x 20 paq,,2822,TRUE
H1-2823,40 x 50 Blanca (Funda amarilla) ( Poly ) Liviana (calidad 4900),CAMISETAS,,2300,,,,40000,Bolson x 20 paq,,2823,TRUE
H1-2824,40 x 50 Mamut (funda azul) (Poly),CAMISETAS,,3000,,,,54000,Bolson x 20 paq,,2824,TRUE
H1-2825,40 x 50 Blanca (funda azul) Reforzada (calidad 6800),CAMISETAS,,3500,,,,62000,Bolson 20 paq,,2825,TRUE
H1-2826,40 x 50 Blanca Reforzada (Funda Verde) (calidad 7600),CAMISETAS,,3800,,,,68000,Bolson x 20 paq,,2826,TRUE
H1-2828,40 x 50 Blanca 10 micrones (CP) x 80 unid,CAMISETAS,,2000,,,,35000,Bolson x 20 paq,,2828,TRUE
H1-2829,40 x 50 Blanca Virgen 12 mc x 70 unid (Pl),CAMISETAS,,2700,,,,38000,Bolson x 20 paq,,2829,TRUE
H1-2830,40 x 50 Blanca ref (6kg) (G) (reemplazo funda azul),CAMISETAS,,3300,,,,58000,Bolson x 20 paq,,2830,TRUE
H1-2831,40 x 50 Color 10 micrones (CP) x 80 unid,CAMISETAS,,1700,,,,30000,Bolson x 20 paq,,2831,TRUE
H1-2832,40 x 50 Color (Ger) 65 unid aprox PROMO,CAMISETAS,,1400,,,,25000,Bolson x 20 paq,,2832,TRUE
H1-2833,40 x 50 Color 16 micrones (CP) x 100 unid,CAMISETAS,,3800,,,,67000,Bolson x 20 paq,,2833,TRUE
H1-2834,40 x 50 Negra 16 micrones (CP) x 70 unid,CAMISETAS,,3500,,,,62000,Bolson x 20 paq,,2834,TRUE
H1-2836,45 x 60 Blanca Biodegradable (Funda Azul) (calidad 10500),CAMISETAS,,6200,,,,110000,Bolson x 20 paq,,2836,TRUE
H1-2837,45 x 60 Color (G),CAMISETAS,,4300,,,,38000,Bolson x 10 paq,,2837,TRUE
H1-2838,45x60 Color 16mic x 100 unid (CP),CAMISETAS,,5700,,,,51000,Bolson x 10 paq,,2838,TRUE
H1-2840,50 x 50 Blanca Reforzada (calidad 8000),CAMISETAS,,5000,,,,90000,Bolson x 20 paq,,2840,TRUE
H1-2841,50 x 50 Blanca Reforzada (G),CAMISETAS,,5700,,,,52500,Bolson x 10 paq,,2841,TRUE
H1-2843,50 x 60 Blanca Reforzada (calidad 10000),CAMISETAS,,6300,,,,112000,Bolson x 20 paq,,2843,TRUE
H1-2844,50 x 60 Blanca Reforzada (G),CAMISETAS,,6300,,,,55000,Bolson x 10 paq,,2844,TRUE
H1-2846,50 x 70 Blanca Reforzada (calidad 6000),CAMISETAS,,7100,,,,63000,Bolson x 10 paq,,2846,TRUE
H1-2847,50 x 70 Blanca (G) (75 unid),CAMISETAS,,6500,,,,58000,Bolson x 10 paq,,2847,TRUE
H1-2849,60 x 80 Blanca Reforzada (calidad 5500),CAMISETAS,,13000,,,,57500,Bolson x 5 paq,,2849,TRUE
H1-2850,60 x 80 Blanca (Ger),CAMISETAS,,10500,,,,45000,Bolson x 5 paq,,2850,TRUE
H1-2852,"40 x 50 CIUDAD VERDE (verde o negra) Ref, CABA (calidad 7200)",CAMISETAS,,4200,,,,74000,Bolson x 20 paq,,2852,TRUE
H1-2853,"45 x 55 CIUDAD VERDE (Negra o Verde) Ref, CABA (calidad 7000)",CAMISETAS,,8300,,,,73000,Bolson x 10 paq,,2853,TRUE
H1-2854,45 x 55 Negra Ref x 100 unid (Pl),CAMISETAS,,6500,,,,58000,bulto x 10 paq,,2854,TRUE
H1-2856,30x 40 Baja densidad BLANCA paq x 100 unid (ideal Heladerias),CAMISETAS,,4200,,,,76000,bulto x 20 paq,,2856,TRUE
H1-2857,50x70 Baja densidad Blanca (28 mc) x 100 unid,CAMISETAS,,14500,,,,65000,bulto x 5 paq,,2857,TRUE
H1-2858,60x80 Baja densidad Blanca ( 38 cm) x 100 unid,CAMISETAS,,26000,,,,115000,bulto x 5 paq,,2858,TRUE
H1-2860,40 x 50 Baja densidad NEGRA 25 mic paq x 100 unid (cp),CAMISETAS,,4300,,,,38000,bulto x 10 paq,,2860,TRUE
H1-2861,45 x 60 Baja densidad NEGRA 25 mic paq x 100 unid (cp),CAMISETAS,,6600,,,,29500,bulto x 5 paq,,2861,TRUE
H1-2863,40 x 50 baja densidad PERLA NEGRA (calidad 6000),CAMISETAS,,,,,,,Bolson x 10 paq,,2863,TRUE
H1-2864,45 x 60 baja densidad PERLA NEGRA (calidad 8800),CAMISETAS,,7000,,,,,Bolson x 10 paq,,2864,TRUE
H1-2865,50 x 70 baja densidad PERLA NEGRA (calidad 12800),CAMISETAS,,9500,,,,,Bolson x 10 paq,,2865,TRUE
H1-2866,60 x 80 baja densidad PERLA NEGRA (calidad 8800),CAMISETAS,,11500,,,,,Bolson x 5 paq,,2866,TRUE
H1-2868,40 x 50 baja densidad PERLA NEGRA (calidad 4500),CAMISETAS,,3900,,,,,Bolson x 10 paq,,2868,TRUE
H1-2869,45 x 60 baja densidad PERLA NEGRA (calidad 6600),CAMISETAS,,5800,,,,,Bolson x 10 paq,,2869,TRUE
H1-2870,50 x 70 baja densidad PERLA NEGRA (calidad 9600),CAMISETAS,,8300,,,,,Bolson x 10 paq,,2870,TRUE
H1-2872,45 x 60,RENDIDOR ROJO (finito),,13800,,,,73200,Bulto x 6 rollos,,2872,TRUE
H1-2874,15x20 (arranque +),ARRANQUE POLYFILM (tipo rendidor),,3500,,,,37200,Bulto x 12 rollos,,2874,TRUE
H1-2875,15x25 (arranque +),ARRANQUE POLYFILM (tipo rendidor),,4200,,,,45600,Bulto x 12 rollos,,2875,TRUE
H1-2876,20x25 (arranque +),ARRANQUE POLYFILM (tipo rendidor),,5200,,,,55200,Bulto x 12 rollos,,2876,TRUE
H1-2877,20x30,ARRANQUE POLYFILM (tipo rendidor),,6100,,,,64800,Bulto x 12 rollos,,2877,TRUE
H1-2878,25x35,ARRANQUE POLYFILM (tipo rendidor),,8000,,,,63000,Bulto x 9 rollos,,2878,TRUE
H1-2879,30x40,ARRANQUE POLYFILM (tipo rendidor),,10000,,,,54000,Bulto x 6 rollos,,2879,TRUE
H1-2880,35x45,ARRANQUE POLYFILM (tipo rendidor),,8000,,,,63000,Bulto x 9 rollos,,2880,TRUE
H1-2881,40x50,ARRANQUE POLYFILM (tipo rendidor),,9200,,,,48000,Bulto x 6 rollos,,2881,TRUE
H1-2883,15x20 15x25,ARRANQUES PEQUEÑOS ( reforzados ),,3200,,,,33600,Bulto x 12 rollos,,2883,TRUE
H1-2885,10x20 10x25 15x20 15x25,ARRANQUES PEQUEÑOS ( Baja densidad cristal) Amarillo,,3200,,,,34800,Bulto x 12 rollos,,2885,TRUE
H1-2887,20x25 20 x 30 25x35 30x40 35x45 40x50,BOBINAS ARRANQUE 700 Grs. Verde (ref ),,7800,,,,82800,Bulto x 12 rollos,,2887,TRUE
H1-2890,20x30 25x35 30x40 35x45 40x50 40x60 45x60 50x70 60x90,"BOBINAS ARRANQUE 1,4 Kg AZUL (Ref )",,15500,,,,82800,Bulto x 6 rollos,,2890,TRUE
H1-2893,20x30 25x35 30x40 35x45 40x50 45x60 50x70 60x90,"ARRANQUE BAJA DENSIDAD CRISTAL 1,5 Kg (Naranja)",,17000,,,,90000,Bulto x 6 rollos,,2893,TRUE
H1-2895,60x90,"ARRANQUE BAJA DENSIDAD CRISTAL 1,4 Kg (POLY)",,16000,,,,84000,Bulto x 6 rollos,,2895,TRUE
H1-2897,20x30 25x35 30x40 35x45 40x50,ROLLOS ARRANQUE 650 grs (Ref ) (T),,5500,,,,57600,Bulto x 12 rollos,,2897,TRUE
H1-2899,20x30 25x35 30x40 35x45 40x50 45x60 50x70,"ROLLOS ARRANQUE 1,2 Kg (Ref ) (T)",,11000,,,,54000,Bulto x 6 rollos,,2899,TRUE
H1-2901,20x30 25x35 30x40 35x45 40x50 40x60 45x60 50x70 60x90,"BOBINAS ARRANQUE Ref 1,4 kg ( Poly)",,13500,,,,72000,Bulto x 6 rollos,,2901,TRUE
H1-2903,20 x 25 25x35 37x50 x kg (Rolan),FOLEX ( Lamina para fiambre),,11000,,,,,Bulto x 10 kg,,2903,TRUE
H1-2905,20 x 25 x kg (CP),FOLEX ( Lamina para fiambre),,7500,,,,65000,Bulto x 10 kg,,2905,TRUE
H1-2907,25 x 37 x kg (cp),FOLEX ( Lamina para fiambre),,8000,,,,70000,Bulto x 10 kg,,2907,TRUE
H1-2909,37x50 x kg (Cp),FOLEX ( Lamina para fiambre),,8500,,,,75000,Bulto x 10 kg,,2909,TRUE
H1-2911,Hamburguesa 14x14 (CP),FOLEX ( Lamina para fiambre),,10000,,,,90000,Bulto x 10 kg,,2911,TRUE
H1-2912,Hamburguesa 18x18 kg (rolan),FOLEX ( Lamina para fiambre),,13000,,,,110000,Bulto x 10 kg,,2912,TRUE
H1-2913,Hamburguesa alargado 13x26 (x kg) (CP),FOLEX ( Lamina para fiambre),,9000,,,,80000,Bulto x 10 kg,,2913,TRUE
H1-2915,Bolsa Bolzip 17x15 x 10 unid CHICAS doble cierre,BOLSAS BIOZIP Y BOLSAS P/ HORNO,,3200,,,,,Caja x 48 paq,,2915,TRUE
H1-2917,Bolsa Bolzip 18x20 x 6 unid MEDIANAS cierre facil,BOLSAS BIOZIP Y BOLSAS P/ HORNO,,3200,,,,,Caja x 48 paq,,2917,TRUE
H1-2918,Bolsa Bolzip 18x20 x 8 unid MEDIANAS doble cierre,BOLSAS BIOZIP Y BOLSAS P/ HORNO,,3200,,,,,Caja x 48 paq,,2918,TRUE
H1-2920,Bolsa Bolzip 27x28 x 4 unid GRANDE cierre Facil,BOLSAS BIOZIP Y BOLSAS P/ HORNO,,3200,,,,,Caja x 48 paq,,2920,TRUE
H1-2921,Bolsa Biozip 27x28 x 5 unid GRANDE Doble Cierre,BOLSAS BIOZIP Y BOLSAS P/ HORNO,,3200,,,,,Caja x 48 paq,,2921,TRUE
H1-2923,Bolzip separadores para horno y microondas x 25 unid,BOLSAS BIOZIP Y BOLSAS P/ HORNO,,1000,,,,,,,2923,TRUE
H1-2925,Bolsas para Horno x 5 unid (MDF) (30x45),BOLSAS BIOZIP Y BOLSAS P/ HORNO,,600,4500,,,20000,caja x 50 paq,,2925,TRUE
H1-2926,Bolsas para Horno x 10 unid (Hornal) (30x45),BOLSAS BIOZIP Y BOLSAS P/ HORNO,,1000,8500,,,40000,caja x 50 paq,,2926,TRUE
H1-2928,Bolsas p/ freezer 25x35 (paq x 10 unid),BOLSAS BIOZIP Y BOLSAS P/ HORNO,,500,4500,,,9750,caja x 25 paq,,2928,TRUE
H1-2929,Bolsas p/ freezer 30x40 (paq x 10 unid),BOLSAS BIOZIP Y BOLSAS P/ HORNO,,550,5000,,,11125,caja x 25 paq,,2929,TRUE
H1-2931,Separadores p/ freezer (paq x 120 grs) 20x25,BOLSAS BIOZIP Y BOLSAS P/ HORNO,,1000,,,,13500,Caja x 15 paq,,2931,TRUE
H1-2933,Bolsas Para Lavarropa,BOLSAS BIOZIP Y BOLSAS P/ HORNO,,1700,,,,36000,bulto x 24 unid,,2933,TRUE
H1-2936,Bolza Zip Medianas (8 unid de 17x25),BOLSAS BIOZIP Y BOLSAS P/ HORNO,,600,,,,,Caja x 15 paq,,2936,TRUE
H1-2937,Bolsa Zip Grande (5 unidde 25x35 ),BOLSAS BIOZIP Y BOLSAS P/ HORNO,,700,,,,,Caja x 15 paq,,2937,TRUE
H1-2938,"Combo bolsa zip pequeña (9 unid: 3 de 7x10, 3 de 9x12 y 3 de 10x17)",BOLSAS BIOZIP Y BOLSAS P/ HORNO,,600,5000,,,6600,Caja x 15 paq,,2938,TRUE
H1-2939,"Combo bolsa zip mediana (9 unid: 3 de 12x17, 3 de 15x20 y 3 de 17x25)",BOLSAS BIOZIP Y BOLSAS P/ HORNO,,1000,8800,,,11700,Caja x 15 paq,,2939,TRUE
H1-2940,"Combo bolsa zip Grande (9 unid: 3 de 25x35, 3 de 30x40 y 3 de 35x45)",BOLSAS BIOZIP Y BOLSAS P/ HORNO,,2600,24700,,,32850,Caja x 15 paq,,2940,TRUE
H1-2942,Fajas autoadhesivas Fluor para vidrieras,VARIOS,,800,6500,,,55000,precio x 100 unid,,2942,TRUE
H1-2943,Fajas autoadhesivas VINILO para vidrieras,VARIOS,,1700,15000,,,135000,precio x 100 unid,,2943,TRUE
H1-2945,Carteles informativos (no se fia7 cuidado con el perro,VARIOS,,1000,8000,,,70000,precio x 100 unid,,2945,TRUE
H1-2947,Bolsas para juguitos x100,VARIOS,,,,,,,Bulto x 50 paq,,2947,TRUE
H1-2949,Stickers Plancha autoadhesiva en a4,VARIOS,,2000,15000,,,130000,x 100 planchas,,2949,TRUE
H1-2951,Iman 10 cm largo,VARIOS,,400,3000,12000,,106000,x500 unid,,2951,TRUE
H1-2952,Iman 20 cm largo,VARIOS,,600,5000,22500,,200000,x500 unid,,2952,TRUE
H1-2953,Iman en plancha de 30 cm ancho x 1 mts con Autoadhesivo,VARIOS,,12000,,,,200000,x 20 mts,Unidad: 1 mts $ 12000,2953,TRUE
H1-2954,Iman bolsitas de 40 unid,VARIOS,,,,,,,,,2954,TRUE
H1-2955,Iman Boton/pila,VARIOS,,300,2000,,17000,150000,x 1000,,2955,TRUE
H1-2957,Viruta Natural paq (50 grs),VARIOS,,1000,8100,,,71000,x 100 paq,,2957,TRUE
H1-2958,Viruta Natural a Granel,VARIOS,,7000,,,12500,110000,x 100 kg,Unidad: 1/2 kg $7000 · x 100: x kg $ 12500,2958,TRUE
H1-2960,Limpia pipas Comun (presentacion paq x 100),VARIOS,,200,1500,,4200,38000,x 10 paq de 100,,2960,TRUE
H1-2961,Limpia pipas Metalizados (presentacion paq x 100),VARIOS,,300,2000,,5700,50000,x 10 paq de 100,,2961,TRUE
H1-2963,Espuma Rey Momo,VARIOS,,2200,,,,23000,pack x 12,,2963,TRUE
H1-2965,Guantes descartables polietileno (PK),"BARBIJOS, GUANTES Y MANGAS",,1000,8900,,,80000,Caja x 100 paq,,2965,TRUE
H1-2966,Guantes latex Smal/Medium/Large,"BARBIJOS, GUANTES Y MANGAS",,,,,7000,61000,caja x 10,,2966,TRUE
H1-2967,Guantes Nitrilo Negro,"BARBIJOS, GUANTES Y MANGAS",,400,1500,,8300,74000,caja x 10,Unidad: par $ 400 · x 10: 5 pares $ 1500,2967,TRUE
H1-2968,Guantes Nitrilo Azules,"BARBIJOS, GUANTES Y MANGAS",,,,,8300,74000,caja x 10,,2968,TRUE
H1-2969,Guantes Nitrilo Lilas,"BARBIJOS, GUANTES Y MANGAS",,,,,8300,74000,caja x 10,,2969,TRUE
H1-2972,Guantes Moteados (Par),"BARBIJOS, GUANTES Y MANGAS",,600,6000,,,23500,x 5 doc,x 10: docena $ 6000,2972,TRUE
H1-2974,Mangas reutilizables de polietileno cristal de baja densidad 20x40,"BARBIJOS, GUANTES Y MANGAS",,500,3500,,29000,260000,x 10 paq x 100 unid,,2974,TRUE
H1-2975,Mangas reutilizables de polietileno cristal de baja densidad 28x40,"BARBIJOS, GUANTES Y MANGAS",,600,4500,,37000,330000,x 10 paq x 100 unid,,2975,TRUE
H1-2976,Mangas reutilizables de polietileno cristal de baja densidad 32x55,"BARBIJOS, GUANTES Y MANGAS",,700,5000,,42000,370000,x 10 paq x 100 unid,,2976,TRUE
H1-2977,Mangas reutilizables de polietileno cristal de baja densidad 38x57,"BARBIJOS, GUANTES Y MANGAS",,800,5500,,48000,420000,x 10 paq x 100 unid,,2977,TRUE
H1-2979,Manga descartable N°1 16x24 paq x 10 unid,"BARBIJOS, GUANTES Y MANGAS",,,,,,,bulto x 100 paq,,2979,TRUE
H1-2980,Manga descartable N°2 20x30 paq x 10 unid,"BARBIJOS, GUANTES Y MANGAS",,,,,,,bulto x 100 paq,,2980,TRUE
H1-2981,Manga descartable N°3 25x36 paq x 10 unid,"BARBIJOS, GUANTES Y MANGAS",,,,,,,bulto x 100 paq,,2981,TRUE
H1-2982,Manga descartable N°4 28x50 paq x 10 unid,"BARBIJOS, GUANTES Y MANGAS",,,,,,,bulto x 100 paq,,2982,TRUE
H1-2983,manga desacrtable N°5 26x58cm largo ( caja rollo x 25 unid),"BARBIJOS, GUANTES Y MANGAS",,,,,,,bulto x 24 rollos,,2983,TRUE
H1-2985,Barbijo economico doble friselina,"BARBIJOS, GUANTES Y MANGAS",,30,250,,,,,,2985,TRUE
H1-2987,Babijo friselina Con elastico descartable Tricapa,"BARBIJOS, GUANTES Y MANGAS",,50,300,,,1200,caja x 50 unid,,2987,TRUE
H1-2989,Barbijo ION POSITIVO NEGRO pack x 3,"BARBIJOS, GUANTES Y MANGAS",,400,,,,7080,caja x 20 pack,,2989,TRUE
H1-2991,MOPA IBERIA turbo Matic,MOPA IBERIA,,,,,,,x 10 unid,,2991,TRUE
H1-2992,Mopa Iberia revolution,MOPA IBERIA,,,,,,,x 10 unid,,2992,TRUE
H1-2994,Resma celulosa argentina 70 grs NAT,RESMAS PAPEL IMPRESIÓN,,,,,,,caja x 5 resmas,,2994,TRUE
H1-2996,Resma PUNAX A4 75 grs,RESMAS PAPEL IMPRESIÓN,,6700,,,,59000,Caja x 10 resmas,,2996,TRUE
H1-2997,Resma Tempo Premium 80 gs,RESMAS PAPEL IMPRESIÓN,,6100,,,,27000,caja x 5 resmas,,2997,TRUE
H1-2999,Resma AUTOR A4 75 grs,RESMAS PAPEL IMPRESIÓN,,,,,,,Caja x 10 resmas,,2999,TRUE
H1-3000,Resma AUTOR A4 80 grs,RESMAS PAPEL IMPRESIÓN,,,,,,,Caja x 10 resmas,,3000,TRUE
H1-3001,Resma AUTOR A4 90 grs,RESMAS PAPEL IMPRESIÓN,,,,,,,Caja x 10 resmas,,3001,TRUE
H1-3003,Resma Boreal OFICIO 70 grs,RESMAS PAPEL IMPRESIÓN,,9000,,,,40000,Caja x 5 resmas,,3003,TRUE
H1-3005,HOLOFAN efecto burbuja transparente (A4),ART-JET,,1000,6500,,,10800,paquete x 20 unid,,3005,TRUE
H1-3006,HOLOFAN efecto estrellita Transparente (A4),ART-JET,,1200,10000,,,14000,paquete x 20 unid,,3006,TRUE
H1-3007,HOLOFAN efecto Gotitas de Lluvia (A4),ART-JET,,1000,6500,,,10800,paquete x 20 unid,,3007,TRUE
H1-3008,HOLOFAN efecto disco dance (A4),ART-JET,,1000,6500,,,10800,paquete x 20 unid,,3008,TRUE
H1-3010,Filmilo Adhesivo Blanco Reluciente (A4),ART-JET,,1000,6000,,,10000,paquete x 20 unid,,3010,TRUE
H1-3011,Filmilo Adhesivo Blanco Frio (A4),ART-JET,,1000,7000,,,12000,paquete x 20 unid,,3011,TRUE
H1-3014,Papele fotografico Brillante 140 grs,ART-JET,,300,2000,,,10000,paquete x 100 hojas,,3014,TRUE
H1-3015,Papele fotografico Brillante 230 grs,ART-JET,,300,2000,,,15000,paquete x 100 hojas,,3015,TRUE
H1-3016,Papel fotografico adhesivo brillante 115 grs,ART-JET,,400,3000,,,21000,paq x 100 hojas,,3016,TRUE
H1-3018,Magnetico Brillante,ART-JET,,2500,,,,22000,paquete x 10 hojas,,3018,TRUE
H1-3020,Matelina simple faz 110grs,ART-JET,,,,,,7200,paq x 100 hojas,,3020,TRUE
H1-3021,Matelina simple faz 180grs,ART-JET,,,,,,12000,paq x 100 hojas,,3021,TRUE
H1-3022,Matelina simple faz 200grs,ART-JET,,,,,,13000,paq x 100 hojas,,3022,TRUE
H1-3023,Matelina doble faz 220grs,ART-JET,,,,,,16300,paq x 100 hojas,,3023,TRUE
H1-3027,"10 cm ( bobinas 0,50 kg aprox) x kg CRISTAL","STRETCH, POLIBURBIJA y CARTON CORRUGADO",,4900,2500,,,78000,caja (18 kg aprox),x 10: ($2500 el rollo),3027,TRUE
H1-3028,"10 cm ( bobinas 0,50 kg aprox) x kg COLOR","STRETCH, POLIBURBIJA y CARTON CORRUGADO",,5200,2500,,,85000,caja (18 kg aprox),x 10: ($2500 el rollo),3028,TRUE
H1-3029,"50 cm con Mango ( bobinas 2,50 kg aprox) x kg","STRETCH, POLIBURBIJA y CARTON CORRUGADO",,4900,,,,,x caja 9 unid,,3029,TRUE
H1-3030,"50 cm con Mango ( bobinas 2,50 kg aprox) x kg CoLOR","STRETCH, POLIBURBIJA y CARTON CORRUGADO",,5200,,,,,,,3030,TRUE
H1-3031,"50 cm sin Mango 3 "" ( bobinas 4,50 kg aprox) x kg","STRETCH, POLIBURBIJA y CARTON CORRUGADO",,4800,21000,,,74000,x caja 4 unid,x 10: ($21000 el rollo),3031,TRUE
H1-3032,"50 cm sin Mango 3 "" ( bobinas 4,50 kg aprox) x kg COLOR","STRETCH, POLIBURBIJA y CARTON CORRUGADO",,5200,23000,,,80000,x caja 4 unid,x 10: ($23000 el rollo),3032,TRUE
H1-3034,Stretch PROMOO 50 cm sin mango cristal,"STRETCH, POLIBURBIJA y CARTON CORRUGADO",,,,,,55000,x caja 4 unid,,3034,TRUE
H1-3036,Cono Plastico porta Stretch x unid,"STRETCH, POLIBURBIJA y CARTON CORRUGADO",,5000,,,,,x10 unid,,3036,TRUE
H1-3037,Stretch coreless 50 cm sin mango Cristal (sin cono de carton interno) x kg,"STRETCH, POLIBURBIJA y CARTON CORRUGADO",,,,,,,el kg x caja,,3037,TRUE
H1-3038,Stretch Coreless 50 cm sin mango Negro (sin cono de carton interno) x kg,"STRETCH, POLIBURBIJA y CARTON CORRUGADO",,5700,,,,,el kg x caja,,3038,TRUE
H1-3040,Carton Corrugado 70 x 25 mts,"STRETCH, POLIBURBIJA y CARTON CORRUGADO",,9100,,,,81000,x 10 rollos,,3040,TRUE
H1-3041,Carton Corrugado 1mts x 25 mts,"STRETCH, POLIBURBIJA y CARTON CORRUGADO",,13000,,,,115000,x 10 rollos,,3041,TRUE
H1-3043,Poliburbuja (pluribol) 35 cm x 5 mtrs,"STRETCH, POLIBURBIJA y CARTON CORRUGADO",,2100,,,,43200,bulto x 24 rollos,,3043,TRUE
H1-3044,Poliburbuja (pluribol) 50cm x 25 mts,"STRETCH, POLIBURBIJA y CARTON CORRUGADO",,8000,,,,71000,X 10 UNID,,3044,TRUE
H1-3045,Poliburbuja (pluribol) 50cm x 50 mts,"STRETCH, POLIBURBIJA y CARTON CORRUGADO",,,,,,,X 10 UNID,,3045,TRUE
H1-3046,Poliburbuja (pluribol) 1 mt x 50 mts,"STRETCH, POLIBURBIJA y CARTON CORRUGADO",,17500,,,,155000,X 10 UNID,,3046,TRUE
H1-3048,Higienico economico 12 rollos x 80 mts (cod 189),"BOBINAS DE LIMPIEZA, TOLLAS Y PAÑUELOS",,8000,,,,70000,x 10 bultos,,3048,TRUE
H1-3049,Higienico economico codigo 300 pack x 8 unid,"BOBINAS DE LIMPIEZA, TOLLAS Y PAÑUELOS",,7000,,,,62000,x 10 bultos,,3049,TRUE
H1-3051,Higienico Elegante 12x30mts Aloe Vera (cod 908),"BOBINAS DE LIMPIEZA, TOLLAS Y PAÑUELOS",,4400,17600,,,156000,x 10 bultos,"x 10: Bulto x 4 paq de 12 rollos x 30 ,metros $ 17600",3051,TRUE
H1-3052,Higienico Elegante 24x30mts Aloe Vera (cod 919),"BOBINAS DE LIMPIEZA, TOLLAS Y PAÑUELOS",,9400,,,,83000,x 10 bultos,,3052,TRUE
H1-3053,Higienico Elegante 24x50mts (cod 1010),"BOBINAS DE LIMPIEZA, TOLLAS Y PAÑUELOS",,14300,,,,127000,x 10 bultos,,3053,TRUE
H1-3054,Higienico Elegante 24x50mts TORRE (cod 1011),"BOBINAS DE LIMPIEZA, TOLLAS Y PAÑUELOS",,,,,,,x 10 bultos,x 10: Bulto x 4 paq de 24 unid x 50 mts $,3054,TRUE
H1-3055,Higienico Elegante 4 x 80 mts (cod 916) verde,"BOBINAS DE LIMPIEZA, TOLLAS Y PAÑUELOS",,3700,36100,,,320000,x 10 bultos,x 10: bulto 10 paq x 4 rollos x 80 mts $ 36100,3055,TRUE
H1-3056,Higienico Elegante 4x30 mts (cod 900) Celeste,"BOBINAS DE LIMPIEZA, TOLLAS Y PAÑUELOS",,1500,17500,,,155000,x 10 bultos,x 10: bulto 12 paq x 4 rollos x 30 mts $ 17500,3056,TRUE
H1-3057,Higienico Elegante 4x30 mts DOBLE HOJA (cod 915) Azul,"BOBINAS DE LIMPIEZA, TOLLAS Y PAÑUELOS",,2600,25500,,,230000,x 10 bultos,x 10: bulto 10 paq x 4 rollos x 30 mts doble hoja $ 25500,3057,TRUE
H1-3058,Higienico Elegante 12x30 mts DOBLE HOJA (cod 917) econopack,"BOBINAS DE LIMPIEZA, TOLLAS Y PAÑUELOS",,8000,32000,,,280000,x 10 bultos,x 10: bulto 4 pack x 12 rollos x 30 mts doble hoja $ 32000,3058,TRUE
H1-3059,Higienico Elegante 1x120 mts (cod 902),"BOBINAS DE LIMPIEZA, TOLLAS Y PAÑUELOS",,1500,17600,,,160000,x 10 bultos,x 10: bulto 12 rollos x 120 mts $ 17600,3059,TRUE
H1-3061,Rollo cocina DICHA Elegante (cod 424) bulto de 12 x 3 x 40 paños,"BOBINAS DE LIMPIEZA, TOLLAS Y PAÑUELOS",,1450,17000,,,150000,x 10 bultos,x 10: 12 paq x 3 rollos x 40 paños $ 17000,3061,TRUE
H1-3062,Rollo cocina Elegante (cod 927) bulto de 8 x 3 x 50 paños,"BOBINAS DE LIMPIEZA, TOLLAS Y PAÑUELOS",,1700,12500,,,110000,x 10 bultos,x 10: 8 paq x 3 rollos x 50 paños $ 12500,3062,TRUE
H1-3063,Rollo cocina Elegante (cod 930) bulto de 3 x 100 paños GIRAMAS,"BOBINAS DE LIMPIEZA, TOLLAS Y PAÑUELOS",,3100,15500,,,135000,x 10 bultos,x 10: 5 paq x 3 rollos x 100 paños $ 15500,3063,TRUE
H1-3064,Rollo cocina Elegante (cod 923) bulto de 3 x 120 paños,"BOBINAS DE LIMPIEZA, TOLLAS Y PAÑUELOS",,3300,13000,,,115000,x 10 bultos,x 10: 4 paq x 3 rollos x 120 paños $ 13000,3064,TRUE
H1-3065,Rollo cocina Elegante (cod 921) bulto de 12x200 paños blanco,"BOBINAS DE LIMPIEZA, TOLLAS Y PAÑUELOS",,2100,24100,,,21600,x 10 bultos,x 10: 12 x 200 paños $ 24100,3065,TRUE
H1-3066,Rollo cocina Elegante (cod 920) bulto de 12x200 paños decorado,"BOBINAS DE LIMPIEZA, TOLLAS Y PAÑUELOS",,,,,,,x 10 bultos,,3066,TRUE
H1-3067,"Rollo Cocina Economico 8 x 200 paños ""Soleado"" (cod 46)","BOBINAS DE LIMPIEZA, TOLLAS Y PAÑUELOS",,1500,10000,,,90000,x 10 bultos,x 10: bulto x 8 rollos x 200 paños $ 10000,3067,TRUE
H1-3068,"Rollo Cocina Economico 8 x 180 paños ""Soleado desnudo"" (cod 40)","BOBINAS DE LIMPIEZA, TOLLAS Y PAÑUELOS",,,9000,,,80000,x 10 bultos,x 10: bulto x 8 rollos x 180 paños $ 9000,3068,TRUE
H1-3070,Toallas de cocina Multiuso x 100 (cod 995),"BOBINAS DE LIMPIEZA, TOLLAS Y PAÑUELOS",,1500,52200,,,,x 10 cajas,x 10: Caja de 36 paq x 100 unid $ 52200,3070,TRUE
H1-3072,Toalla blanca 20cm premium (Sin Marca) calidad tissue 400 mts aprox,"BOBINAS DE LIMPIEZA, TOLLAS Y PAÑUELOS",,,10000,,,85000,x 10 bultos de 4,x 10: Bulto x 4 rollos $ 10000,3072,TRUE
H1-3073,Toalla en bobina Premium extra blanco Elegante 200 mts ( cod 1026),"BOBINAS DE LIMPIEZA, TOLLAS Y PAÑUELOS",,8000,27600,,,244000,x 10 bultos de 4,x 10: bulto x 4 bobinas $ 27600,3073,TRUE
H1-3075,Toalla intercaladas Elegante 4 paneles x 2500 unid Blancas (cod 1029),"BOBINAS DE LIMPIEZA, TOLLAS Y PAÑUELOS",,24000,,,,210000,x 10 cajas,,3075,TRUE
H1-3076,Toallas Intercaladas Costa Azul Blancas (2 kg) (1500u aprox) caja verde,"BOBINAS DE LIMPIEZA, TOLLAS Y PAÑUELOS",,,,,,,x 10 cajas,,3076,TRUE
H1-3077,Toallas Intercaladas Costa Azul Blanca PURA (2 kg) (1500u aprox) caja azul,"BOBINAS DE LIMPIEZA, TOLLAS Y PAÑUELOS",,9200,,,,81000,x 10 cajas,,3077,TRUE
H1-3078,Toallas Intercaladas Costa Azul Beige (2 kg) (1500u aprox),"BOBINAS DE LIMPIEZA, TOLLAS Y PAÑUELOS",,8100,,,,72000,x 10 cajas,,3078,TRUE
H1-3080,Bobina de limpieza doble Hoja ultra absorbente 24cm x 400 mts (cod 1003),"BOBINAS DE LIMPIEZA, TOLLAS Y PAÑUELOS",,20000,37000,,,330000,x 10 bultos de 2,x 10: Bulto x 2 bobinas $ 37000,3080,TRUE
H1-3081,Bobina de limpieza doble Hoja ultra absorbente 19cm x 400 mts (cod 1004),"BOBINAS DE LIMPIEZA, TOLLAS Y PAÑUELOS",,16000,30000,,,270000,x 10 bultos de 2,x 10: Bulto x 2 bobinas $ 30000,3081,TRUE
H1-3082,BOB. IND. ELEGANTE PREMIUM DH PRECORTE 24CM x 1000 USOS (cod 1005),"BOBINAS DE LIMPIEZA, TOLLAS Y PAÑUELOS",,13000,23500,,,208000,x 10 bultos de 2,x 10: Bulto x 2 bobinas $ 23500,3082,TRUE
H1-3084,Servilletas Elegante Soft Blanca 33x32 caja x 30 paq de 80 u (cod 941),"BOBINAS DE LIMPIEZA, TOLLAS Y PAÑUELOS",,1400,39100,,,350000,x 10 cajas,x 10: Caja x 30 paq de 80 unid c/u $ 39100,3084,TRUE
H1-3085,Servilletas Elegante Soft Blanca 33x32 caja x paq de 150 u (cod 945),"BOBINAS DE LIMPIEZA, TOLLAS Y PAÑUELOS",,2400,42500,,,380000,x 10 cajas,x 10: Caja x 18 paq de 150 unid c/u $ 42500,3085,TRUE
H1-3087,Servilleta ELITE cristal 33x30 SH plus x 200/5 (1000),"BOBINAS DE LIMPIEZA, TOLLAS Y PAÑUELOS",,3900,19350,,,170500,x 10 cajas,Unidad: paq x 200 $ 3900 · x 10: Caja x 5 paq x 200 $ 19350,3087,TRUE
H1-3088,Servilleta ELITE pro eco 30x30 HS x 1000 unid,"BOBINAS DE LIMPIEZA, TOLLAS Y PAÑUELOS",,3550,17650,,,156100,x 10 cajas,Unidad: Paq x 200 $ 3550 · x 10: Caja x 5 paq x 200 $ 17650,3088,TRUE
H1-3091,Servilletas 18 x 18 Costa azul (sello Azul) (800/850 grs) (500u aprox),"BOBINAS DE LIMPIEZA, TOLLAS Y PAÑUELOS",,6000,,,,50000,x 10 cajas,,3091,TRUE
H1-3092,"Servilletas 18 x 18 Costa azul c/ ribete (Solana) (1,250/1,300 kg) (1000u aprox)","BOBINAS DE LIMPIEZA, TOLLAS Y PAÑUELOS",,9000,,,,80000,x 10 cajas,,3092,TRUE
H1-3093,"Servilletas 18 x 18 Costa azul (Solana) (1,250/1,300 kg) (1000u aprox)","BOBINAS DE LIMPIEZA, TOLLAS Y PAÑUELOS",,9000,,,,80000,x 10 cajas,,3093,TRUE
H1-3095,"Servilletas 24x24 Costa Azul (sello Azul) (1,150/1,200 kg) (1000 unid aprox)","BOBINAS DE LIMPIEZA, TOLLAS Y PAÑUELOS",,8900,,,,80000,x 10 cajas,,3095,TRUE
H1-3096,"Servilletas 24x24 Costa Azul (sello Verde) (2,050/2,100 kg)","BOBINAS DE LIMPIEZA, TOLLAS Y PAÑUELOS",,14000,,,,125000,x 10 cajas,,3096,TRUE
H1-3098,"Servilleta 33x33 Costa Azul (sello Negro) (1,100/1,150 kg)","BOBINAS DE LIMPIEZA, TOLLAS Y PAÑUELOS",,,,,,,x 10 cajas,,3098,TRUE
H1-3099,"Servilleta 33x33 Costa Azul (sello Azul) (1,400/1,450 kg) (500u aprox)","BOBINAS DE LIMPIEZA, TOLLAS Y PAÑUELOS",,8900,,,,78000,x 10 cajas,,3099,TRUE
H1-3100,"Servilleta 33x33 Costa Azul (sello Roja) (1,600/1,650 kg) (750u aprox)","BOBINAS DE LIMPIEZA, TOLLAS Y PAÑUELOS",,10500,,,,91000,x 10 cajas,,3100,TRUE
H1-3101,"Servilleta 33x33 Costa Azul (sello Solana) (2,300/2,350kg) (1000 unid aprox)","BOBINAS DE LIMPIEZA, TOLLAS Y PAÑUELOS",,13000,,,,115000,x 10 cajas,,3101,TRUE
H1-3103,Servilleta Elegante 33x32 a granel x 1000 unid (cod 290),"BOBINAS DE LIMPIEZA, TOLLAS Y PAÑUELOS",,14500,,,,129000,x 10 cajas,,3103,TRUE
H1-3105,"Servilleta 9x12 tipo bar Costa Azul (sello Azul) (1,3 kg)","BOBINAS DE LIMPIEZA, TOLLAS Y PAÑUELOS",,2000,10000,,,85000,x 10 cajas,Unidad: paq $ 2000 · x 10: caja $ 10000,3105,TRUE
H1-3107,Pañuelos Elegante paquete para sacar de uno (cod 987),"BOBINAS DE LIMPIEZA, TOLLAS Y PAÑUELOS",,1300,39500,,,350000,x 10 cajas,x 10: caja de 36 paq de 150 unid c/u $ 39500,3107,TRUE
H1-3108,Pañuelos Elegante pocket 6 paq x 12 pañuelos (cod 984),"BOBINAS DE LIMPIEZA, TOLLAS Y PAÑUELOS",,,,,,,x 10 cajas,x 10: caja x 30 d 6 paq x 12 pañuelos $,3108,TRUE
H1-3109,Pañuelos Elegante pocket 6 paq x 10 pañuelos triple hoja (cod 982),"BOBINAS DE LIMPIEZA, TOLLAS Y PAÑUELOS",,1800,47000,,,148500,x 10 cajas,x 10: caja x 27 d 6 paq x 12 pañuelos $47000,3109,TRUE
H1-3110,Pañuelos Elite soft Touch (6 paq x 10 unid),"BOBINAS DE LIMPIEZA, TOLLAS Y PAÑUELOS",,1600,42800,,,38000,x 10 cajas,x 10: Caja x 35 paq 6 paq x 10 unid $ 42800,3110,TRUE
H1-3111,Pañuelos Elite Box Int x 75 unid,"BOBINAS DE LIMPIEZA, TOLLAS Y PAÑUELOS",,2000,,,,720000,x 10 cajas,x 10: Caja x 48 box x 75 unid $,3111,TRUE
